Location,Updated,WaitTimeInSeconds
AF2,2023-07-11T21:54:00,532
AF3,2023-07-11T21:54:00,60
EF-T,2023-07-11T21:54:00,60
GH-T,2023-07-11T21:54:00,60
NS-S,2023-07-11T21:54:00,60
S-NS,2023-07-11T21:54:00,126
VF0,2023-07-11T21:54:00,60
VF1,2023-07-11T21:54:00,120
VF2,2023-07-11T21:54:00,60
VF3,2023-07-11T21:54:00,60
VF4,2023-07-11T21:54:00,60
VH3,2023-07-11T21:54:00,60
AF2,2023-07-11T22:04:00,501
AF3,2023-07-11T22:04:00,60
EF-T,2023-07-11T22:04:00,60
GH-T,2023-07-11T22:03:00,60
NS-S,2023-07-11T22:04:00,60
S-NS,2023-07-11T22:04:00,189
VF0,2023-07-11T22:04:00,60
VF1,2023-07-11T22:03:00,106
VF2,2023-07-11T22:04:00,60
VF3,2023-07-11T22:04:00,81
VF4,2023-07-11T22:04:00,60
VH3,2023-07-11T22:04:00,60
AF2,2023-07-11T22:23:00,292
AF3,2023-07-11T22:24:00,60
EF-T,2023-07-11T22:24:00,60
GH-T,2023-07-11T22:23:00,60
NS-S,2023-07-11T22:24:00,66
S-NS,2023-07-11T22:24:00,154
VF0,2023-07-11T22:23:00,60
VF1,2023-07-11T22:23:00,135
VF2,2023-07-11T22:24:00,60
VF3,2023-07-11T22:23:00,177
VF4,2023-07-11T22:23:00,60
VH3,2023-07-11T22:23:00,60
AF2,2023-07-11T22:30:00,260
AF3,2023-07-11T22:30:00,60
EF-T,2023-07-11T22:30:00,60
GH-T,2023-07-11T22:30:00,60
NS-S,2023-07-11T22:30:00,60
S-NS,2023-07-11T22:30:00,137
VF0,2023-07-11T22:30:00,60
VF1,2023-07-11T22:30:00,130
VF2,2023-07-11T22:30:00,60
VF3,2023-07-11T22:30:00,145
VF4,2023-07-11T22:30:00,60
VH3,2023-07-11T22:30:00,60
AF2,2023-07-11T22:45:00,707
AF3,2023-07-11T22:45:00,60
EF-T,2023-07-11T22:45:00,60
GH-T,2023-07-11T22:45:00,60
NS-S,2023-07-11T22:45:00,142
S-NS,2023-07-11T22:45:00,97
VF0,2023-07-11T22:45:00,60
VF1,2023-07-11T22:45:00,111
VF2,2023-07-11T22:45:00,60
VF3,2023-07-11T22:45:00,138
VF4,2023-07-11T22:45:00,60
VH3,2023-07-11T22:45:00,60
AF2,2023-07-11T23:02:00,240
AF3,2023-07-11T23:02:00,60
EF-T,2023-07-11T23:02:00,60
GH-T,2023-07-11T23:02:00,60
NS-S,2023-07-11T23:02:00,267
S-NS,2023-07-11T23:02:00,60
VF0,2023-07-11T23:02:00,60
VF1,2023-07-11T23:02:00,160
VF2,2023-07-11T23:02:00,60
VF3,2023-07-11T23:02:00,60
VF4,2023-07-11T23:02:00,60
VH3,2023-07-11T23:02:00,60
AF2,2023-07-11T23:20:00,60
AF3,2023-07-11T23:20:00,60
EF-T,2023-07-11T23:20:00,60
GH-T,2023-07-11T23:20:00,60
NS-S,2023-07-11T23:20:00,107
S-NS,2023-07-11T23:20:00,60
VF0,2023-07-11T23:20:00,60
VF1,2023-07-11T23:20:00,155
VF2,2023-07-11T23:20:00,60
VF3,2023-07-11T23:20:00,60
VF4,2023-07-11T23:20:00,60
VH3,2023-07-11T23:20:00,60
AF2,2023-07-11T23:30:00,60
AF3,2023-07-11T23:31:00,60
EF-T,2023-07-11T23:31:00,60
GH-T,2023-07-11T23:30:00,60
NS-S,2023-07-11T23:31:00,60
S-NS,2023-07-11T23:31:00,194
VF0,2023-07-11T23:30:00,60
VF1,2023-07-11T23:30:00,142
VF2,2023-07-11T23:31:00,60
VF3,2023-07-11T23:30:00,60
VF4,2023-07-11T23:30:00,60
VH3,2023-07-11T23:30:00,60
AF2,2023-07-11T23:45:00,60
AF3,2023-07-11T23:45:00,60
EF-T,2023-07-11T23:45:00,60
GH-T,2023-07-11T23:45:00,60
NS-S,2023-07-11T23:45:00,60
S-NS,2023-07-11T23:45:00,303
VF0,2023-07-11T23:45:00,60
VF1,2023-07-11T23:45:00,124
VF2,2023-07-11T23:45:00,60
VF3,2023-07-11T23:45:00,60
VF4,2023-07-11T23:45:00,60
VH3,2023-07-11T23:45:00,60
AF2,2023-07-11T23:59:00,60
AF3,2023-07-12T00:02:00,60
EF-T,2023-07-12T00:02:00,60
GH-T,2023-07-11T23:59:00,60
NS-S,2023-07-12T00:02:00,112
S-NS,2023-07-12T00:02:00,246
VF0,2023-07-11T23:59:00,60
VF1,2023-07-12T00:02:00,0
VF2,2023-07-12T00:02:00,0
VF3,2023-07-12T00:02:00,0
VF4,2023-07-12T00:02:00,0
VH3,2023-07-11T23:59:00,60
AF2,2023-07-12T00:26:00,60
AF3,2023-07-12T00:26:00,60
EF-T,2023-07-12T00:26:00,60
GH-T,2023-07-12T00:26:00,60
NS-S,2023-07-12T00:26:00,60
S-NS,2023-07-12T00:26:00,171
VF0,2023-07-12T00:26:00,60
VF1,2023-07-12T00:26:00,202
VF2,2023-07-12T00:26:00,60
VF3,2023-07-12T00:26:00,60
VF4,2023-07-12T00:26:00,60
VH3,2023-07-12T00:26:00,60
AF2,2023-07-12T00:34:00,60
AF3,2023-07-12T00:34:00,60
EF-T,2023-07-12T00:34:00,60
GH-T,2023-07-12T00:34:00,60
NS-S,2023-07-12T00:34:00,60
S-NS,2023-07-12T00:34:00,131
VF0,2023-07-12T00:34:00,60
VF1,2023-07-12T00:34:00,157
VF2,2023-07-12T00:34:00,60
VF3,2023-07-12T00:34:00,60
VF4,2023-07-12T00:34:00,60
VH3,2023-07-12T00:34:00,60
AF2,2023-07-12T00:44:00,60
AF3,2023-07-12T00:44:00,60
EF-T,2023-07-12T00:45:00,60
GH-T,2023-07-12T00:45:00,60
NS-S,2023-07-12T00:45:00,60
S-NS,2023-07-12T00:45:00,103
VF0,2023-07-12T00:45:00,60
VF1,2023-07-12T00:45:00,107
VF2,2023-07-12T00:45:00,60
VF3,2023-07-12T00:45:00,60
VF4,2023-07-12T00:44:00,60
VH3,2023-07-12T00:44:00,60
AF2,2023-07-12T01:02:00,60
AF3,2023-07-12T01:02:00,60
EF-T,2023-07-12T01:02:00,60
GH-T,2023-07-12T01:02:00,60
NS-S,2023-07-12T01:02:00,61
S-NS,2023-07-12T01:02:00,80
VF0,2023-07-12T01:02:00,60
VF1,2023-07-12T01:02:00,0
VF2,2023-07-12T01:02:00,0
VF3,2023-07-12T01:02:00,0
VF4,2023-07-12T01:02:00,0
VH3,2023-07-12T01:02:00,91
AF2,2023-07-12T01:22:00,403
AF3,2023-07-12T01:22:00,60
EF-T,2023-07-12T01:22:00,60
GH-T,2023-07-12T01:22:00,60
NS-S,2023-07-12T01:22:00,62
S-NS,2023-07-12T01:22:00,166
VF0,2023-07-12T01:22:00,60
VF1,2023-07-12T01:22:00,91
VF2,2023-07-12T01:22:00,60
VF3,2023-07-12T01:22:00,60
VF4,2023-07-12T01:22:00,60
VH3,2023-07-12T01:22:00,91
AF2,2023-07-12T01:30:00,275
AF3,2023-07-12T01:30:00,60
EF-T,2023-07-12T01:31:00,60
GH-T,2023-07-12T01:30:00,60
NS-S,2023-07-12T01:31:00,60
S-NS,2023-07-12T01:31:00,189
VF0,2023-07-12T01:30:00,60
VF1,2023-07-12T01:30:00,108
VF2,2023-07-12T01:31:00,60
VF3,2023-07-12T01:30:00,60
VF4,2023-07-12T01:30:00,60
VH3,2023-07-12T01:30:00,120
AF2,2023-07-12T01:45:00,60
AF3,2023-07-12T01:45:00,60
EF-T,2023-07-12T01:45:00,60
GH-T,2023-07-12T01:45:00,60
NS-S,2023-07-12T01:45:00,60
S-NS,2023-07-12T01:45:00,103
VF0,2023-07-12T01:45:00,60
VF1,2023-07-12T01:45:00,62
VF2,2023-07-12T01:45:00,60
VF3,2023-07-12T01:45:00,60
VF4,2023-07-12T01:45:00,60
VH3,2023-07-12T01:45:00,91
AF2,2023-07-12T02:37:00,60
AF3,2023-07-12T02:37:00,60
EF-T,2023-07-12T02:37:00,60
GH-T,2023-07-12T02:37:00,0
NS-S,2023-07-12T02:37:00,60
S-NS,2023-07-12T02:37:00,177
VF0,2023-07-12T02:37:00,60
VF1,2023-07-12T02:37:00,103
VF2,2023-07-12T02:37:00,60
VF3,2023-07-12T02:37:00,172
VF4,2023-07-12T02:37:00,60
VH3,2023-07-12T02:37:00,120
AF2,2023-07-12T04:16:00,60
AF3,2023-07-12T04:16:00,60
EF-T,2023-07-12T04:16:00,60
GH-T,2023-07-12T04:16:00,0
NS-S,2023-07-12T04:16:00,60
S-NS,2023-07-12T04:16:00,60
VF0,2023-07-12T04:16:00,60
VF1,2023-07-12T04:16:00,279
VF2,2023-07-12T04:16:00,60
VF3,2023-07-12T04:16:00,326
VF4,2023-07-12T04:16:00,60
VH3,2023-07-12T04:16:00,60
AF2,2023-07-12T05:05:00,60
AF3,2023-07-12T05:05:00,60
EF-T,2023-07-12T05:05:00,60
GH-T,2023-07-12T05:05:00,60
NS-S,2023-07-12T05:05:00,158
S-NS,2023-07-12T05:05:00,131
VF0,2023-07-12T05:05:00,60
VF1,2023-07-12T05:05:00,288
VF2,2023-07-12T05:05:00,77
VF3,2023-07-12T05:05:00,372
VF4,2023-07-12T05:05:00,602
VH3,2023-07-12T05:05:00,60
AF2,2023-07-12T05:31:00,113
AF3,2023-07-12T05:31:00,60
EF-T,2023-07-12T05:31:00,585
GH-T,2023-07-12T05:31:00,60
NS-S,2023-07-12T05:31:00,230
S-NS,2023-07-12T05:31:00,60
VF0,2023-07-12T05:31:00,239
VF1,2023-07-12T05:31:00,425
VF2,2023-07-12T05:31:00,348
VF3,2023-07-12T05:31:00,288
VF4,2023-07-12T05:31:00,281
VH3,2023-07-12T05:31:00,60
AF2,2023-07-12T05:45:00,174
AF3,2023-07-12T05:45:00,60
EF-T,2023-07-12T05:45:00,60
GH-T,2023-07-12T05:45:00,60
NS-S,2023-07-12T05:45:00,513
S-NS,2023-07-12T05:45:00,60
VF0,2023-07-12T05:45:00,77
VF1,2023-07-12T05:45:00,393
VF2,2023-07-12T05:45:00,245
VF3,2023-07-12T05:45:00,361
VF4,2023-07-12T05:45:00,212
VH3,2023-07-12T05:45:00,60
AF2,2023-07-12T06:06:00,807
AF3,2023-07-12T06:06:00,60
EF-T,2023-07-12T06:06:00,240
GH-T,2023-07-12T06:06:00,60
NS-S,2023-07-12T06:06:00,1936
S-NS,2023-07-12T06:06:00,63
VF0,2023-07-12T06:06:00,60
VF1,2023-07-12T06:06:00,402
VF2,2023-07-12T06:07:00,289
VF3,2023-07-12T06:06:00,311
VF4,2023-07-12T06:06:00,129
VH3,2023-07-12T06:06:00,60
AF2,2023-07-12T06:27:00,428
AF3,2023-07-12T06:27:00,312
EF-T,2023-07-12T06:27:00,60
GH-T,2023-07-12T06:27:00,60
NS-S,2023-07-12T06:27:00,1032
S-NS,2023-07-12T06:27:00,60
VF0,2023-07-12T06:27:00,60
VF1,2023-07-12T06:27:00,386
VF2,2023-07-12T06:27:00,215
VF3,2023-07-12T06:27:00,301
VF4,2023-07-12T06:27:00,60
VH3,2023-07-12T06:27:00,60
AF2,2023-07-12T06:37:00,198
AF3,2023-07-12T06:37:00,1810
EF-T,2023-07-12T06:37:00,186
GH-T,2023-07-12T06:37:00,60
NS-S,2023-07-12T06:37:00,506
S-NS,2023-07-12T06:37:00,60
VF0,2023-07-12T06:37:00,60
VF1,2023-07-12T06:37:00,394
VF2,2023-07-12T06:37:00,258
VF3,2023-07-12T06:36:00,325
VF4,2023-07-12T06:37:00,60
VH3,2023-07-12T06:36:00,60
AF2,2023-07-12T06:45:00,60
AF3,2023-07-12T06:45:00,1237
EF-T,2023-07-12T06:45:00,70
GH-T,2023-07-12T06:45:00,60
NS-S,2023-07-12T06:45:00,284
S-NS,2023-07-12T06:45:00,60
VF0,2023-07-12T06:45:00,60
VF1,2023-07-12T06:45:00,253
VF2,2023-07-12T06:45:00,254
VF3,2023-07-12T06:45:00,347
VF4,2023-07-12T06:45:00,60
VH3,2023-07-12T06:45:00,60
AF2,2023-07-12T07:03:00,60
AF3,2023-07-12T07:03:00,759
EF-T,2023-07-12T07:03:00,60
GH-T,2023-07-12T07:03:00,84
NS-S,2023-07-12T07:03:00,92
S-NS,2023-07-12T07:03:00,103
VF0,2023-07-12T07:03:00,60
VF1,2023-07-12T07:03:00,383
VF2,2023-07-12T07:03:00,298
VF3,2023-07-12T07:03:00,299
VF4,2023-07-12T07:03:00,60
VH3,2023-07-12T07:03:00,91
AF2,2023-07-12T07:26:00,60
AF3,2023-07-12T07:26:00,133
EF-T,2023-07-12T07:26:00,60
GH-T,2023-07-12T07:26:00,60
NS-S,2023-07-12T07:26:00,571
S-NS,2023-07-12T07:26:00,60
VF0,2023-07-12T07:26:00,85
VF1,2023-07-12T07:26:00,342
VF2,2023-07-12T07:26:00,303
VF3,2023-07-12T07:26:00,351
VF4,2023-07-12T07:26:00,60
VH3,2023-07-12T07:26:00,60
AF2,2023-07-12T07:33:00,60
AF3,2023-07-12T07:33:00,60
EF-T,2023-07-12T07:33:00,60
GH-T,2023-07-12T07:33:00,60
NS-S,2023-07-12T07:33:00,607
S-NS,2023-07-12T07:33:00,60
VF0,2023-07-12T07:33:00,60
VF1,2023-07-12T07:33:00,361
VF2,2023-07-12T07:33:00,307
VF3,2023-07-12T07:33:00,365
VF4,2023-07-12T07:33:00,60
VH3,2023-07-12T07:33:00,91
AF2,2023-07-12T07:45:00,120
AF3,2023-07-12T07:45:00,270
EF-T,2023-07-12T07:45:00,100
GH-T,2023-07-12T07:45:00,60
NS-S,2023-07-12T07:45:00,460
S-NS,2023-07-12T07:45:00,60
VF0,2023-07-12T07:45:00,60
VF1,2023-07-12T07:45:00,295
VF2,2023-07-12T07:45:00,233
VF3,2023-07-12T07:45:00,314
VF4,2023-07-12T07:45:00,60
VH3,2023-07-12T07:45:00,60
AF2,2023-07-12T08:07:00,747
AF3,2023-07-12T08:07:00,609
EF-T,2023-07-12T08:07:00,648
GH-T,2023-07-12T08:07:00,922
NS-S,2023-07-12T08:07:00,430
S-NS,2023-07-12T08:07:00,60
VF0,2023-07-12T08:07:00,60
VF1,2023-07-12T08:07:00,373
VF2,2023-07-12T08:07:00,508
VF3,2023-07-12T08:07:00,437
VF4,2023-07-12T08:07:00,60
VH3,2023-07-12T08:07:00,120
AF2,2023-07-12T08:29:00,110
AF3,2023-07-12T08:29:00,609
EF-T,2023-07-12T08:29:00,102
GH-T,2023-07-12T08:26:00,869
NS-S,2023-07-12T08:29:00,520
S-NS,2023-07-12T08:29:00,60
VF0,2023-07-12T08:29:00,60
VF1,2023-07-12T08:29:00,307
VF2,2023-07-12T08:29:00,98
VF3,2023-07-12T08:29:00,419
VF4,2023-07-12T08:29:00,60
VH3,2023-07-12T08:29:00,60
AF2,2023-07-12T08:39:00,287
AF3,2023-07-12T08:39:00,1295
EF-T,2023-07-12T08:39:00,60
GH-T,2023-07-12T08:26:00,869
NS-S,2023-07-12T08:39:00,728
S-NS,2023-07-12T08:39:00,60
VF0,2023-07-12T08:39:00,60
VF1,2023-07-12T08:39:00,287
VF2,2023-07-12T08:39:00,126
VF3,2023-07-12T08:39:00,543
VF4,2023-07-12T08:39:00,171
VH3,2023-07-12T08:39:00,120
AF2,2023-07-12T08:45:00,670
AF3,2023-07-12T08:45:00,401
EF-T,2023-07-12T08:45:00,60
GH-T,2023-07-12T08:26:00,869
NS-S,2023-07-12T08:45:00,883
S-NS,2023-07-12T08:45:00,60
VF0,2023-07-12T08:45:00,60
VF1,2023-07-12T08:45:00,326
VF2,2023-07-12T08:45:00,60
VF3,2023-07-12T08:45:00,567
VF4,2023-07-12T08:45:00,175
VH3,2023-07-12T08:45:00,91
AF2,2023-07-12T09:03:00,922
AF3,2023-07-12T09:03:00,814
EF-T,2023-07-12T09:03:00,60
GH-T,2023-07-12T09:02:00,75
NS-S,2023-07-12T09:03:00,786
S-NS,2023-07-12T09:03:00,586
VF0,2023-07-12T09:03:00,229
VF1,2023-07-12T09:03:00,369
VF2,2023-07-12T09:03:00,480
VF3,2023-07-12T09:03:00,908
VF4,2023-07-12T09:03:00,178
VH3,2023-07-12T09:02:00,60
AF2,2023-07-12T09:21:00,143
AF3,2023-07-12T09:21:00,716
EF-T,2023-07-12T09:21:00,60
GH-T,2023-07-12T09:21:00,75
NS-S,2023-07-12T09:21:00,816
S-NS,2023-07-12T09:21:00,8149
VF0,2023-07-12T09:21:00,88
VF1,2023-07-12T09:21:00,293
VF2,2023-07-12T09:21:00,6237
VF3,2023-07-12T09:21:00,1236
VF4,2023-07-12T09:21:00,398
VH3,2023-07-12T09:21:00,91
AF2,2023-07-12T09:30:00,70
AF3,2023-07-12T09:30:00,541
EF-T,2023-07-12T09:30:00,191
GH-T,2023-07-12T09:25:00,225
NS-S,2023-07-12T09:30:00,808
S-NS,2023-07-12T09:30:00,9251
VF0,2023-07-12T09:30:00,166
VF1,2023-07-12T09:30:00,169
VF2,2023-07-12T09:30:00,11205
VF3,2023-07-12T09:30:00,847
VF4,2023-07-12T09:30:00,500
VH3,2023-07-12T09:30:00,60
AF2,2023-07-12T09:45:00,60
AF3,2023-07-12T09:45:00,454
EF-T,2023-07-12T09:45:00,60
GH-T,2023-07-12T09:25:00,225
NS-S,2023-07-12T09:45:00,3116
S-NS,2023-07-12T09:45:00,10897
VF0,2023-07-12T09:45:00,160
VF1,2023-07-12T09:45:00,60
VF2,2023-07-12T09:45:00,11338
VF3,2023-07-12T09:45:00,458
VF4,2023-07-12T09:45:00,879
VH3,2023-07-12T09:45:00,60
AF2,2023-07-12T10:08:00,60
AF3,2023-07-12T10:08:00,660
EF-T,2023-07-12T10:08:00,60
GH-T,2023-07-12T09:25:00,225
NS-S,2023-07-12T10:08:00,1190
S-NS,2023-07-12T10:08:00,8914
VF0,2023-07-12T10:07:00,108
VF1,2023-07-12T10:07:00,135
VF2,2023-07-12T10:08:00,7014
VF3,2023-07-12T10:07:00,533
VF4,2023-07-12T10:08:00,1094
VH3,2023-07-12T10:08:00,91
AF2,2023-07-12T10:28:00,60
AF3,2023-07-12T10:28:00,664
EF-T,2023-07-12T10:28:00,60
GH-T,2023-07-12T10:27:00,75
NS-S,2023-07-12T10:28:00,867
S-NS,2023-07-12T10:28:00,7280
VF0,2023-07-12T10:28:00,172
VF1,2023-07-12T10:28:00,209
VF2,2023-07-12T10:28:00,3729
VF3,2023-07-12T10:28:00,354
VF4,2023-07-12T10:28:00,714
VH3,2023-07-12T10:28:00,60
AF2,2023-07-12T10:37:00,1048
AF3,2023-07-12T10:37:00,60
EF-T,2023-07-12T10:37:00,60
GH-T,2023-07-12T10:37:00,60
NS-S,2023-07-12T10:37:00,453
S-NS,2023-07-12T10:37:00,2097
VF0,2023-07-12T10:37:00,60
VF1,2023-07-12T10:37:00,297
VF2,2023-07-12T10:37:00,2653
VF3,2023-07-12T10:37:00,468
VF4,2023-07-12T10:37:00,767
VH3,2023-07-12T10:37:00,60
AF2,2023-07-12T10:37:00,1048
AF3,2023-07-12T10:37:00,60
EF-T,2023-07-12T10:37:00,60
GH-T,2023-07-12T10:37:00,60
NS-S,2023-07-12T10:37:00,453
S-NS,2023-07-12T10:37:00,2097
VF0,2023-07-12T10:37:00,60
VF1,2023-07-12T10:37:00,297
VF2,2023-07-12T10:37:00,2653
VF3,2023-07-12T10:37:00,468
VF4,2023-07-12T10:37:00,767
VH3,2023-07-12T10:37:00,60
AF2,2023-07-12T11:03:00,60
AF3,2023-07-12T11:03:00,431
EF-T,2023-07-12T11:03:00,545
GH-T,2023-07-12T11:03:00,99
NS-S,2023-07-12T11:03:00,179
S-NS,2023-07-12T11:03:00,1095
VF0,2023-07-12T11:03:00,78
VF1,2023-07-12T11:03:00,752
VF2,2023-07-12T11:03:00,1825
VF3,2023-07-12T11:03:00,674
VF4,2023-07-12T11:03:00,396
VH3,2023-07-12T11:03:00,60
AF2,2023-07-12T11:23:00,328
AF3,2023-07-12T11:23:00,654
EF-T,2023-07-12T11:23:00,281
GH-T,2023-07-12T11:23:00,60
NS-S,2023-07-12T11:23:00,600
S-NS,2023-07-12T11:23:00,498
VF0,2023-07-12T11:23:00,60
VF1,2023-07-12T11:23:00,943
VF2,2023-07-12T11:23:00,1387
VF3,2023-07-12T11:23:00,525
VF4,2023-07-12T11:23:00,220
VH3,2023-07-12T11:23:00,60
AF2,2023-07-12T11:30:00,706
AF3,2023-07-12T11:30:00,541
EF-T,2023-07-12T11:30:00,405
GH-T,2023-07-12T11:30:00,60
NS-S,2023-07-12T11:30:00,734
S-NS,2023-07-12T11:30:00,929
VF0,2023-07-12T11:30:00,64
VF1,2023-07-12T11:30:00,793
VF2,2023-07-12T11:30:00,1475
VF3,2023-07-12T11:30:00,448
VF4,2023-07-12T11:30:00,247
VH3,2023-07-12T11:30:00,91
AF2,2023-07-12T11:45:00,556
AF3,2023-07-12T11:45:00,453
EF-T,2023-07-12T11:45:00,60
GH-T,2023-07-12T11:45:00,60
NS-S,2023-07-12T11:45:00,519
S-NS,2023-07-12T11:45:00,1237
VF0,2023-07-12T11:45:00,60
VF1,2023-07-12T11:45:00,845
VF2,2023-07-12T11:45:00,1101
VF3,2023-07-12T11:45:00,429
VF4,2023-07-12T11:45:00,356
VH3,2023-07-12T11:45:00,60
AF2,2023-07-12T12:05:00,454
AF3,2023-07-12T12:05:00,60
EF-T,2023-07-12T12:05:00,73
GH-T,2023-07-12T12:05:00,121
NS-S,2023-07-12T12:05:00,280
S-NS,2023-07-12T12:05:00,60
VF0,2023-07-12T12:05:00,76
VF1,2023-07-12T12:05:00,1347
VF2,2023-07-12T12:05:00,394
VF3,2023-07-12T12:05:00,551
VF4,2023-07-12T12:05:00,124
VH3,2023-07-12T12:05:00,60
AF2,2023-07-12T12:29:00,705
AF3,2023-07-12T12:29:00,2723
EF-T,2023-07-12T12:29:00,161
GH-T,2023-07-12T12:29:00,60
NS-S,2023-07-12T12:29:00,60
S-NS,2023-07-12T12:29:00,60
VF0,2023-07-12T12:29:00,70
VF1,2023-07-12T12:29:00,1584
VF2,2023-07-12T12:29:00,1116
VF3,2023-07-12T12:29:00,333
VF4,2023-07-12T12:29:00,141
VH3,2023-07-12T12:29:00,60
AF2,2023-07-12T12:38:00,1209
AF3,2023-07-12T12:38:00,857
EF-T,2023-07-12T12:38:00,131
GH-T,2023-07-12T12:38:00,60
NS-S,2023-07-12T12:38:00,60
S-NS,2023-07-12T12:38:00,60
VF0,2023-07-12T12:38:00,60
VF1,2023-07-12T12:38:00,1249
VF2,2023-07-12T12:38:00,277
VF3,2023-07-12T12:38:00,370
VF4,2023-07-12T12:38:00,60
VH3,2023-07-12T12:38:00,60
AF2,2023-07-12T12:45:00,470
AF3,2023-07-12T12:45:00,369
EF-T,2023-07-12T12:45:00,60
GH-T,2023-07-12T12:45:00,60
NS-S,2023-07-12T12:45:00,93
S-NS,2023-07-12T12:45:00,151
VF0,2023-07-12T12:45:00,406
VF1,2023-07-12T12:45:00,1110
VF2,2023-07-12T12:45:00,60
VF3,2023-07-12T12:45:00,418
VF4,2023-07-12T12:45:00,112
VH3,2023-07-12T12:45:00,91
AF2,2023-07-12T13:01:00,537
AF3,2023-07-12T13:02:00,60
EF-T,2023-07-12T13:02:00,619
GH-T,2023-07-12T13:01:00,60
NS-S,2023-07-12T13:02:00,122
S-NS,2023-07-12T13:02:00,79
VF0,2023-07-12T13:02:00,376
VF1,2023-07-12T13:01:00,0
VF2,2023-07-12T13:01:00,199
VF3,2023-07-12T13:01:00,0
VF4,2023-07-12T13:01:00,0
VH3,2023-07-12T13:01:00,60
AF2,2023-07-12T13:19:00,394
AF3,2023-07-12T13:20:00,162
EF-T,2023-07-12T13:20:00,526
GH-T,2023-07-12T13:19:00,60
NS-S,2023-07-12T13:20:00,845
S-NS,2023-07-12T13:20:00,60
VF0,2023-07-12T13:19:00,316
VF1,2023-07-12T13:19:00,595
VF2,2023-07-12T13:20:00,60
VF3,2023-07-12T13:19:00,429
VF4,2023-07-12T13:19:00,60
VH3,2023-07-12T13:19:00,120
AF2,2023-07-12T13:30:00,117
AF3,2023-07-12T13:30:00,556
EF-T,2023-07-12T13:30:00,321
GH-T,2023-07-12T13:30:00,75
NS-S,2023-07-12T13:30:00,698
S-NS,2023-07-12T13:30:00,74
VF0,2023-07-12T13:30:00,153
VF1,2023-07-12T13:30:00,524
VF2,2023-07-12T13:30:00,60
VF3,2023-07-12T13:30:00,420
VF4,2023-07-12T13:30:00,105
VH3,2023-07-12T13:29:00,60
AF2,2023-07-12T13:45:00,95
AF3,2023-07-12T13:45:00,185
EF-T,2023-07-12T13:45:00,60
GH-T,2023-07-12T13:45:00,150
NS-S,2023-07-12T13:45:00,861
S-NS,2023-07-12T13:45:00,611
VF0,2023-07-12T13:45:00,60
VF1,2023-07-12T13:45:00,509
VF2,2023-07-12T13:45:00,127
VF3,2023-07-12T13:45:00,477
VF4,2023-07-12T13:45:00,432
VH3,2023-07-12T13:45:00,60
AF2,2023-07-12T14:11:00,198
AF3,2023-07-12T14:11:00,334
EF-T,2023-07-12T14:11:00,132
GH-T,2023-07-12T14:10:00,60
NS-S,2023-07-12T14:11:00,640
S-NS,2023-07-12T14:11:00,2173
VF0,2023-07-12T14:11:00,60
VF1,2023-07-12T14:10:00,589
VF2,2023-07-12T14:11:00,60
VF3,2023-07-12T14:10:00,392
VF4,2023-07-12T14:10:00,264
VH3,2023-07-12T14:11:00,60
AF2,2023-07-12T14:48:00,609
AF3,2023-07-12T14:49:00,932
EF-T,2023-07-12T14:49:00,172
GH-T,2023-07-12T14:48:00,60
NS-S,2023-07-12T14:49:00,359
S-NS,2023-07-12T14:49:00,785
VF0,2023-07-12T14:49:00,60
VF1,2023-07-12T14:48:00,358
VF2,2023-07-12T14:49:00,111
VF3,2023-07-12T14:48:00,449
VF4,2023-07-12T14:48:00,175
VH3,2023-07-12T14:48:00,60
AF2,2023-07-12T15:16:00,590
AF3,2023-07-12T15:16:00,509
EF-T,2023-07-12T15:16:00,60
GH-T,2023-07-12T15:16:00,272
NS-S,2023-07-12T15:16:00,632
S-NS,2023-07-12T15:16:00,227
VF0,2023-07-12T15:16:00,60
VF1,2023-07-12T15:16:00,531
VF2,2023-07-12T15:16:00,93
VF3,2023-07-12T15:16:00,376
VF4,2023-07-12T15:16:00,112
VH3,2023-07-12T15:16:00,60
AF2,2023-07-12T15:36:00,549
AF3,2023-07-12T15:36:00,1756
EF-T,2023-07-12T15:36:00,160
GH-T,2023-07-12T15:36:00,113
NS-S,2023-07-12T15:36:00,60
S-NS,2023-07-12T15:36:00,60
VF0,2023-07-12T15:36:00,60
VF1,2023-07-12T15:36:00,409
VF2,2023-07-12T15:36:00,60
VF3,2023-07-12T15:36:00,324
VF4,2023-07-12T15:36:00,76
VH3,2023-07-12T15:36:00,60
AF2,2023-07-12T15:45:00,494
AF3,2023-07-12T15:45:00,1835
EF-T,2023-07-12T15:45:00,158
GH-T,2023-07-12T15:45:00,75
NS-S,2023-07-12T15:45:00,65
S-NS,2023-07-12T15:45:00,109
VF0,2023-07-12T15:45:00,60
VF1,2023-07-12T15:45:00,498
VF2,2023-07-12T15:45:00,60
VF3,2023-07-12T15:45:00,344
VF4,2023-07-12T15:45:00,88
VH3,2023-07-12T15:45:00,60
AF2,2023-07-12T16:02:00,173
AF3,2023-07-12T16:02:00,405
EF-T,2023-07-12T16:02:00,60
GH-T,2023-07-12T16:02:00,60
NS-S,2023-07-12T16:02:00,437
S-NS,2023-07-12T16:02:00,500
VF0,2023-07-12T16:02:00,145
VF1,2023-07-12T16:02:00,831
VF2,2023-07-12T16:02:00,142
VF3,2023-07-12T16:02:00,340
VF4,2023-07-12T16:02:00,60
VH3,2023-07-12T16:02:00,60
AF2,2023-07-12T16:26:00,287
AF3,2023-07-12T16:26:00,304
EF-T,2023-07-12T16:26:00,93
GH-T,2023-07-12T16:25:00,75
NS-S,2023-07-12T16:26:00,251
S-NS,2023-07-12T16:26:00,401
VF0,2023-07-12T16:26:00,60
VF1,2023-07-12T16:26:00,630
VF2,2023-07-12T16:26:00,242
VF3,2023-07-12T16:26:00,364
VF4,2023-07-12T16:25:00,339
VH3,2023-07-12T16:26:00,91
AF2,2023-07-12T16:35:00,739
AF3,2023-07-12T16:35:00,588
EF-T,2023-07-12T16:35:00,521
GH-T,2023-07-12T16:34:00,75
NS-S,2023-07-12T16:35:00,60
S-NS,2023-07-12T16:35:00,635
VF0,2023-07-12T16:35:00,60
VF1,2023-07-12T16:34:00,610
VF2,2023-07-12T16:35:00,178
VF3,2023-07-12T16:34:00,351
VF4,2023-07-12T16:34:00,537
VH3,2023-07-12T16:35:00,60
AF2,2023-07-12T16:45:00,702
AF3,2023-07-12T16:45:00,526
EF-T,2023-07-12T16:45:00,460
GH-T,2023-07-12T16:45:00,75
NS-S,2023-07-12T16:45:00,88
S-NS,2023-07-12T16:45:00,303
VF0,2023-07-12T16:45:00,60
VF1,2023-07-12T16:45:00,649
VF2,2023-07-12T16:45:00,191
VF3,2023-07-12T16:45:00,261
VF4,2023-07-12T16:45:00,174
VH3,2023-07-12T16:45:00,60
AF2,2023-07-12T17:02:00,285
AF3,2023-07-12T17:03:00,197
EF-T,2023-07-12T17:03:00,60
GH-T,2023-07-12T17:02:00,60
NS-S,2023-07-12T17:03:00,429
S-NS,2023-07-12T17:03:00,93
VF0,2023-07-12T17:03:00,60
VF1,2023-07-12T17:03:00,561
VF2,2023-07-12T17:03:00,225
VF3,2023-07-12T17:03:00,319
VF4,2023-07-12T17:03:00,414
VH3,2023-07-12T17:03:00,60
AF2,2023-07-12T17:24:00,91
AF3,2023-07-12T17:24:00,160
EF-T,2023-07-12T17:24:00,80
GH-T,2023-07-12T17:24:00,64
NS-S,2023-07-12T17:24:00,559
S-NS,2023-07-12T17:24:00,60
VF0,2023-07-12T17:24:00,60
VF1,2023-07-12T17:24:00,467
VF2,2023-07-12T17:24:00,157
VF3,2023-07-12T17:24:00,311
VF4,2023-07-12T17:24:00,610
VH3,2023-07-12T17:24:00,60
AF2,2023-07-12T17:31:00,60
AF3,2023-07-12T17:31:00,122
EF-T,2023-07-12T17:30:00,65
GH-T,2023-07-12T17:30:00,60
NS-S,2023-07-12T17:31:00,371
S-NS,2023-07-12T17:31:00,60
VF0,2023-07-12T17:31:00,60
VF1,2023-07-12T17:30:00,484
VF2,2023-07-12T17:31:00,117
VF3,2023-07-12T17:31:00,355
VF4,2023-07-12T17:30:00,604
VH3,2023-07-12T17:30:00,60
AF2,2023-07-12T17:45:00,60
AF3,2023-07-12T17:45:00,60
EF-T,2023-07-12T17:45:00,60
GH-T,2023-07-12T17:45:00,60
NS-S,2023-07-12T17:45:00,60
S-NS,2023-07-12T17:45:00,60
VF0,2023-07-12T17:45:00,72
VF1,2023-07-12T17:45:00,502
VF2,2023-07-12T17:45:00,78
VF3,2023-07-12T17:45:00,358
VF4,2023-07-12T17:45:00,449
VH3,2023-07-12T17:45:00,60
AF2,2023-07-12T18:06:00,183
AF3,2023-07-12T18:06:00,60
EF-T,2023-07-12T18:06:00,209
GH-T,2023-07-12T18:06:00,60
NS-S,2023-07-12T18:06:00,109
S-NS,2023-07-12T18:06:00,60
VF0,2023-07-12T18:06:00,60
VF1,2023-07-12T18:06:00,345
VF2,2023-07-12T18:06:00,95
VF3,2023-07-12T18:06:00,397
VF4,2023-07-12T18:06:00,140
VH3,2023-07-12T18:06:00,60
AF2,2023-07-12T18:29:00,772
AF3,2023-07-12T18:30:00,155
EF-T,2023-07-12T18:30:00,172
GH-T,2023-07-12T18:29:00,60
NS-S,2023-07-12T18:30:00,908
S-NS,2023-07-12T18:30:00,60
VF0,2023-07-12T18:29:00,60
VF1,2023-07-12T18:29:00,377
VF2,2023-07-12T18:30:00,129
VF3,2023-07-12T18:29:00,365
VF4,2023-07-12T18:29:00,60
VH3,2023-07-12T18:29:00,60
AF2,2023-07-12T18:41:00,214
AF3,2023-07-12T18:41:00,336
EF-T,2023-07-12T18:41:00,60
GH-T,2023-07-12T18:41:00,60
NS-S,2023-07-12T18:41:00,995
S-NS,2023-07-12T18:41:00,60
VF0,2023-07-12T18:41:00,60
VF1,2023-07-12T18:41:00,333
VF2,2023-07-12T18:41:00,243
VF3,2023-07-12T18:40:00,292
VF4,2023-07-12T18:41:00,61
VH3,2023-07-12T18:41:00,60
AF2,2023-07-12T18:47:00,114
AF3,2023-07-12T18:47:00,1336
EF-T,2023-07-12T18:47:00,60
GH-T,2023-07-12T18:47:00,75
NS-S,2023-07-12T18:47:00,1300
S-NS,2023-07-12T18:47:00,60
VF0,2023-07-12T18:47:00,76
VF1,2023-07-12T18:47:00,425
VF2,2023-07-12T18:47:00,63
VF3,2023-07-12T18:47:00,416
VF4,2023-07-12T18:47:00,136
VH3,2023-07-12T18:47:00,60
AF2,2023-07-12T19:02:00,67
AF3,2023-07-12T19:02:00,398
EF-T,2023-07-12T19:02:00,60
GH-T,2023-07-12T19:02:00,60
NS-S,2023-07-12T19:02:00,1032
S-NS,2023-07-12T19:02:00,61
VF0,2023-07-12T19:02:00,60
VF1,2023-07-12T19:02:00,471
VF2,2023-07-12T19:02:00,67
VF3,2023-07-12T19:02:00,540
VF4,2023-07-12T19:02:00,262
VH3,2023-07-12T19:02:00,60
AF2,2023-07-12T19:25:00,60
AF3,2023-07-12T19:25:00,243
EF-T,2023-07-12T19:25:00,202
GH-T,2023-07-12T19:25:00,60
NS-S,2023-07-12T19:25:00,720
S-NS,2023-07-12T19:25:00,455
VF0,2023-07-12T19:25:00,60
VF1,2023-07-12T19:25:00,502
VF2,2023-07-12T19:25:00,534
VF3,2023-07-12T19:25:00,133
VF4,2023-07-12T19:25:00,433
VH3,2023-07-12T19:25:00,60
AF2,2023-07-12T19:31:00,60
AF3,2023-07-12T19:32:00,140
EF-T,2023-07-12T19:32:00,401
GH-T,2023-07-12T19:31:00,60
NS-S,2023-07-12T19:32:00,511
S-NS,2023-07-12T19:32:00,813
VF0,2023-07-12T19:31:00,60
VF1,2023-07-12T19:31:00,499
VF2,2023-07-12T19:32:00,827
VF3,2023-07-12T19:31:00,88
VF4,2023-07-12T19:31:00,401
VH3,2023-07-12T19:32:00,60
AF2,2023-07-12T19:45:00,140
AF3,2023-07-12T19:45:00,170
EF-T,2023-07-12T19:45:00,244
GH-T,2023-07-12T19:45:00,60
NS-S,2023-07-12T19:45:00,327
S-NS,2023-07-12T19:45:00,609
VF0,2023-07-12T19:45:00,60
VF1,2023-07-12T19:45:00,394
VF2,2023-07-12T19:45:00,347
VF3,2023-07-12T19:45:00,333
VF4,2023-07-12T19:45:00,336
VH3,2023-07-12T19:45:00,60
AF2,2023-07-12T20:07:00,496
AF3,2023-07-12T20:06:00,60
EF-T,2023-07-12T20:07:00,403
GH-T,2023-07-12T20:06:00,60
NS-S,2023-07-12T20:07:00,738
S-NS,2023-07-12T20:07:00,1320
VF0,2023-07-12T20:07:00,60
VF1,2023-07-12T20:06:00,346
VF2,2023-07-12T20:07:00,255
VF3,2023-07-12T20:07:00,201
VF4,2023-07-12T20:07:00,280
VH3,2023-07-12T20:07:00,60
AF2,2023-07-12T20:28:00,86
AF3,2023-07-12T20:28:00,60
EF-T,2023-07-12T20:28:00,60
GH-T,2023-07-12T20:28:00,60
NS-S,2023-07-12T20:28:00,407
S-NS,2023-07-12T20:28:00,710
VF0,2023-07-12T20:28:00,60
VF1,2023-07-12T20:28:00,279
VF2,2023-07-12T20:28:00,467
VF3,2023-07-12T20:28:00,280
VF4,2023-07-12T20:28:00,335
VH3,2023-07-12T20:28:00,60
AF2,2023-07-12T20:37:00,60
AF3,2023-07-12T20:38:00,60
EF-T,2023-07-12T20:37:00,60
GH-T,2023-07-12T20:37:00,60
NS-S,2023-07-12T20:37:00,268
S-NS,2023-07-12T20:37:00,497
VF0,2023-07-12T20:37:00,60
VF1,2023-07-12T20:37:00,296
VF2,2023-07-12T20:38:00,262
VF3,2023-07-12T20:37:00,310
VF4,2023-07-12T20:37:00,189
VH3,2023-07-12T20:37:00,60
AF2,2023-07-12T20:45:00,60
AF3,2023-07-12T20:45:00,69
EF-T,2023-07-12T20:45:00,60
GH-T,2023-07-12T20:45:00,60
NS-S,2023-07-12T20:45:00,60
S-NS,2023-07-12T20:45:00,286
VF0,2023-07-12T20:45:00,60
VF1,2023-07-12T20:45:00,344
VF2,2023-07-12T20:45:00,353
VF3,2023-07-12T20:45:00,296
VF4,2023-07-12T20:45:00,150
VH3,2023-07-12T20:45:00,60
AF2,2023-07-12T21:00:00,457
AF3,2023-07-12T21:01:00,60
EF-T,2023-07-12T21:01:00,60
GH-T,2023-07-12T21:01:00,60
NS-S,2023-07-12T21:00:00,60
S-NS,2023-07-12T21:01:00,472
VF0,2023-07-12T21:01:00,60
VF1,2023-07-12T21:00:00,256
VF2,2023-07-12T21:00:00,60
VF3,2023-07-12T21:01:00,216
VF4,2023-07-12T21:01:00,0
VH3,2023-07-12T21:01:00,60
AF2,2023-07-12T21:18:00,679
AF3,2023-07-12T21:18:00,60
EF-T,2023-07-12T21:18:00,60
GH-T,2023-07-12T21:18:00,60
NS-S,2023-07-12T21:18:00,60
S-NS,2023-07-12T21:18:00,269
VF0,2023-07-12T21:18:00,60
VF1,2023-07-12T21:18:00,270
VF2,2023-07-12T21:18:00,60
VF3,2023-07-12T21:18:00,225
VF4,2023-07-12T21:18:00,60
VH3,2023-07-12T21:18:00,60
AF2,2023-07-12T21:30:00,297
AF3,2023-07-12T21:30:00,60
EF-T,2023-07-12T21:30:00,60
GH-T,2023-07-12T21:30:00,60
NS-S,2023-07-12T21:30:00,60
S-NS,2023-07-12T21:31:00,140
VF0,2023-07-12T21:30:00,60
VF1,2023-07-12T21:30:00,323
VF2,2023-07-12T21:31:00,60
VF3,2023-07-12T21:30:00,347
VF4,2023-07-12T21:30:00,60
VH3,2023-07-12T21:30:00,60
AF2,2023-07-12T21:45:00,88
AF3,2023-07-12T21:45:00,74
EF-T,2023-07-12T21:45:00,60
GH-T,2023-07-12T21:45:00,60
NS-S,2023-07-12T21:45:00,182
S-NS,2023-07-12T21:45:00,60
VF0,2023-07-12T21:45:00,60
VF1,2023-07-12T21:44:00,240
VF2,2023-07-12T21:45:00,60
VF3,2023-07-12T21:45:00,282
VF4,2023-07-12T21:45:00,60
VH3,2023-07-12T21:45:00,60
AF2,2023-07-12T22:03:00,688
AF3,2023-07-12T22:04:00,60
EF-T,2023-07-12T22:04:00,60
GH-T,2023-07-12T22:03:00,60
NS-S,2023-07-12T22:04:00,64
S-NS,2023-07-12T22:04:00,60
VF0,2023-07-12T22:03:00,60
VF1,2023-07-12T22:03:00,197
VF2,2023-07-12T22:04:00,60
VF3,2023-07-12T22:03:00,180
VF4,2023-07-12T22:03:00,60
VH3,2023-07-12T22:03:00,60
AF2,2023-07-12T22:23:00,599
AF3,2023-07-12T22:24:00,60
EF-T,2023-07-12T22:23:00,479
GH-T,2023-07-12T22:23:00,60
NS-S,2023-07-12T22:23:00,60
S-NS,2023-07-12T22:24:00,103
VF0,2023-07-12T22:23:00,60
VF1,2023-07-12T22:23:00,144
VF2,2023-07-12T22:24:00,60
VF3,2023-07-12T22:23:00,60
VF4,2023-07-12T22:23:00,60
VH3,2023-07-12T22:23:00,60
AF2,2023-07-12T22:30:00,764
AF3,2023-07-12T22:30:00,60
EF-T,2023-07-12T22:30:00,194
GH-T,2023-07-12T22:30:00,60
NS-S,2023-07-12T22:30:00,60
S-NS,2023-07-12T22:30:00,103
VF0,2023-07-12T22:30:00,60
VF1,2023-07-12T22:30:00,146
VF2,2023-07-12T22:30:00,60
VF3,2023-07-12T22:30:00,60
VF4,2023-07-12T22:30:00,60
VH3,2023-07-12T22:30:00,60
AF2,2023-07-12T22:45:00,954
AF3,2023-07-12T22:45:00,60
EF-T,2023-07-12T22:45:00,61
GH-T,2023-07-12T22:45:00,60
NS-S,2023-07-12T22:45:00,75
S-NS,2023-07-12T22:45:00,137
VF0,2023-07-12T22:45:00,60
VF1,2023-07-12T22:45:00,194
VF2,2023-07-12T22:45:00,60
VF3,2023-07-12T22:45:00,60
VF4,2023-07-12T22:45:00,60
VH3,2023-07-12T22:45:00,60
AF2,2023-07-12T23:02:00,938
AF3,2023-07-12T23:02:00,60
EF-T,2023-07-12T23:02:00,182
GH-T,2023-07-12T23:02:00,60
NS-S,2023-07-12T23:02:00,60
S-NS,2023-07-12T23:02:00,223
VF0,2023-07-12T23:02:00,60
VF1,2023-07-12T23:02:00,185
VF2,2023-07-12T23:02:00,60
VF3,2023-07-12T23:02:00,60
VF4,2023-07-12T23:02:00,60
VH3,2023-07-12T23:02:00,60
AF2,2023-07-12T23:20:00,598
AF3,2023-07-12T23:20:00,60
EF-T,2023-07-12T23:20:00,222
GH-T,2023-07-12T23:20:00,60
NS-S,2023-07-12T23:20:00,72
S-NS,2023-07-12T23:20:00,280
VF0,2023-07-12T23:20:00,60
VF1,2023-07-12T23:20:00,155
VF2,2023-07-12T23:20:00,60
VF3,2023-07-12T23:20:00,60
VF4,2023-07-12T23:20:00,60
VH3,2023-07-12T23:20:00,60
AF2,2023-07-12T23:30:00,416
AF3,2023-07-12T23:30:00,60
EF-T,2023-07-12T23:30:00,110
GH-T,2023-07-12T23:30:00,60
NS-S,2023-07-12T23:30:00,108
S-NS,2023-07-12T23:30:00,223
VF0,2023-07-12T23:30:00,60
VF1,2023-07-12T23:30:00,150
VF2,2023-07-12T23:30:00,60
VF3,2023-07-12T23:30:00,60
VF4,2023-07-12T23:30:00,60
VH3,2023-07-12T23:30:00,60
AF2,2023-07-12T23:46:00,60
AF3,2023-07-12T23:46:00,60
EF-T,2023-07-12T23:46:00,60
GH-T,2023-07-12T23:46:00,60
NS-S,2023-07-12T23:46:00,60
S-NS,2023-07-12T23:46:00,160
VF0,2023-07-12T23:46:00,60
VF1,2023-07-12T23:45:00,160
VF2,2023-07-12T23:46:00,60
VF3,2023-07-12T23:45:00,60
VF4,2023-07-12T23:45:00,60
VH3,2023-07-12T23:46:00,60
AF2,2023-07-12T23:59:00,116
AF3,2023-07-12T23:59:00,60
EF-T,2023-07-12T23:59:00,60
GH-T,2023-07-12T23:59:00,60
NS-S,2023-07-12T23:59:00,60
S-NS,2023-07-13T00:01:00,80
VF0,2023-07-12T23:59:00,60
VF1,2023-07-12T23:59:00,92
VF2,2023-07-13T00:00:00,60
VF3,2023-07-13T00:02:00,0
VF4,2023-07-12T23:59:00,60
VH3,2023-07-12T23:59:00,60
AF2,2023-07-13T00:26:00,653
AF3,2023-07-13T00:26:00,60
EF-T,2023-07-13T00:26:00,64
GH-T,2023-07-13T00:26:00,60
NS-S,2023-07-13T00:26:00,60
S-NS,2023-07-13T00:26:00,91
VF0,2023-07-13T00:26:00,60
VF1,2023-07-13T00:26:00,88
VF2,2023-07-13T00:26:00,60
VF3,2023-07-13T00:26:00,185
VF4,2023-07-13T00:26:00,60
VH3,2023-07-13T00:26:00,60
AF2,2023-07-13T00:34:00,60
AF3,2023-07-13T00:34:00,60
EF-T,2023-07-13T00:34:00,60
GH-T,2023-07-13T00:34:00,60
NS-S,2023-07-13T00:34:00,60
S-NS,2023-07-13T00:34:00,69
VF0,2023-07-13T00:34:00,60
VF1,2023-07-13T00:34:00,60
VF2,2023-07-13T00:34:00,60
VF3,2023-07-13T00:34:00,129
VF4,2023-07-13T00:34:00,60
VH3,2023-07-13T00:34:00,60
AF2,2023-07-13T00:45:00,60
AF3,2023-07-13T00:45:00,60
EF-T,2023-07-13T00:45:00,60
GH-T,2023-07-13T00:45:00,60
NS-S,2023-07-13T00:45:00,60
S-NS,2023-07-13T00:45:00,60
VF0,2023-07-13T00:45:00,60
VF1,2023-07-13T00:45:00,60
VF2,2023-07-13T00:45:00,60
VF3,2023-07-13T00:45:00,106
VF4,2023-07-13T00:45:00,60
VH3,2023-07-13T00:45:00,60
AF2,2023-07-13T00:59:00,60
AF3,2023-07-13T00:59:00,60
EF-T,2023-07-13T00:59:00,60
GH-T,2023-07-13T00:58:00,60
NS-S,2023-07-13T00:59:00,61
S-NS,2023-07-13T00:59:00,60
VF0,2023-07-13T00:59:00,60
VF1,2023-07-13T00:59:00,60
VF2,2023-07-13T01:00:00,60
VF3,2023-07-13T00:59:00,118
VF4,2023-07-13T00:59:00,60
VH3,2023-07-13T00:59:00,60
AF2,2023-07-13T01:22:00,807
AF3,2023-07-13T01:22:00,60
EF-T,2023-07-13T01:22:00,60
GH-T,2023-07-13T01:22:00,60
NS-S,2023-07-13T01:22:00,60
S-NS,2023-07-13T01:22:00,60
VF0,2023-07-13T01:22:00,60
VF1,2023-07-13T01:22:00,60
VF2,2023-07-13T01:22:00,60
VF3,2023-07-13T01:22:00,60
VF4,2023-07-13T01:22:00,60
VH3,2023-07-13T01:22:00,91
AF2,2023-07-13T01:45:00,684
AF3,2023-07-13T01:45:00,60
EF-T,2023-07-13T01:45:00,60
GH-T,2023-07-13T01:45:00,60
NS-S,2023-07-13T01:45:00,60
S-NS,2023-07-13T01:45:00,60
VF0,2023-07-13T01:45:00,60
VF1,2023-07-13T01:45:00,60
VF2,2023-07-13T01:45:00,60
VF3,2023-07-13T01:45:00,60
VF4,2023-07-13T01:45:00,60
VH3,2023-07-13T01:45:00,91
AF2,2023-07-13T02:35:00,260
AF3,2023-07-13T02:35:00,60
EF-T,2023-07-13T02:35:00,69
GH-T,2023-07-13T02:35:00,60
NS-S,2023-07-13T02:35:00,60
S-NS,2023-07-13T02:35:00,86
VF0,2023-07-13T02:35:00,60
VF1,2023-07-13T02:35:00,158
VF2,2023-07-13T02:35:00,60
VF3,2023-07-13T02:35:00,382
VF4,2023-07-13T02:35:00,60
VH3,2023-07-13T02:35:00,60
AF2,2023-07-13T04:20:00,60
AF3,2023-07-13T04:20:00,60
EF-T,2023-07-13T04:20:00,60
GH-T,2023-07-13T04:20:00,60
NS-S,2023-07-13T04:20:00,60
S-NS,2023-07-13T04:20:00,80
VF0,2023-07-13T04:20:00,60
VF1,2023-07-13T04:20:00,60
VF2,2023-07-13T04:20:00,60
VF3,2023-07-13T04:20:00,292
VF4,2023-07-13T04:20:00,60
VH3,2023-07-13T04:20:00,60
AF2,2023-07-13T05:08:00,60
AF3,2023-07-13T05:08:00,60
EF-T,2023-07-13T05:08:00,60
GH-T,2023-07-13T05:08:00,60
NS-S,2023-07-13T05:08:00,60
S-NS,2023-07-13T05:08:00,263
VF0,2023-07-13T05:08:00,423
VF1,2023-07-13T05:08:00,60
VF2,2023-07-13T05:08:00,578
VF3,2023-07-13T05:08:00,406
VF4,2023-07-13T05:08:00,2769
VH3,2023-07-13T05:08:00,60
AF2,2023-07-13T05:32:00,60
AF3,2023-07-13T05:32:00,60
EF-T,2023-07-13T05:32:00,60
GH-T,2023-07-13T05:32:00,0
NS-S,2023-07-13T05:32:00,60
S-NS,2023-07-13T05:32:00,531
VF0,2023-07-13T05:32:00,505
VF1,2023-07-13T05:32:00,60
VF2,2023-07-13T05:32:00,3664
VF3,2023-07-13T05:32:00,229
VF4,2023-07-13T05:32:00,5193
VH3,2023-07-13T05:32:00,60
AF2,2023-07-13T05:46:00,60
AF3,2023-07-13T05:46:00,60
EF-T,2023-07-13T05:46:00,60
GH-T,2023-07-13T05:46:00,0
NS-S,2023-07-13T05:46:00,60
S-NS,2023-07-13T05:46:00,669
VF0,2023-07-13T05:46:00,372
VF1,2023-07-13T05:46:00,60
VF2,2023-07-13T05:46:00,5233
VF3,2023-07-13T05:46:00,331
VF4,2023-07-13T05:46:00,5919
VH3,2023-07-13T05:45:00,60
AF2,2023-07-13T06:06:00,60
AF3,2023-07-13T06:07:00,60
EF-T,2023-07-13T06:06:00,60
GH-T,2023-07-13T06:06:00,0
NS-S,2023-07-13T06:06:00,60
S-NS,2023-07-13T06:07:00,663
VF0,2023-07-13T06:06:00,125
VF1,2023-07-13T06:06:00,60
VF2,2023-07-13T06:07:00,7044
VF3,2023-07-13T06:06:00,338
VF4,2023-07-13T06:06:00,6737
VH3,2023-07-13T06:06:00,60
AF2,2023-07-13T06:27:00,60
AF3,2023-07-13T06:27:00,60
EF-T,2023-07-13T06:27:00,60
GH-T,2023-07-13T06:27:00,0
NS-S,2023-07-13T06:27:00,60
S-NS,2023-07-13T06:28:00,726
VF0,2023-07-13T06:27:00,60
VF1,2023-07-13T06:27:00,60
VF2,2023-07-13T06:28:00,7567
VF3,2023-07-13T06:27:00,360
VF4,2023-07-13T06:27:00,7248
VH3,2023-07-13T06:27:00,60
AF2,2023-07-13T06:37:00,60
AF3,2023-07-13T06:37:00,60
EF-T,2023-07-13T06:37:00,60
GH-T,2023-07-13T06:37:00,60
NS-S,2023-07-13T06:37:00,60
S-NS,2023-07-13T06:37:00,789
VF0,2023-07-13T06:37:00,60
VF1,2023-07-13T06:37:00,60
VF2,2023-07-13T06:37:00,7620
VF3,2023-07-13T06:37:00,320
VF4,2023-07-13T06:37:00,6934
VH3,2023-07-13T06:37:00,60
AF2,2023-07-13T06:45:00,60
AF3,2023-07-13T06:45:00,60
EF-T,2023-07-13T06:45:00,60
GH-T,2023-07-13T06:45:00,60
NS-S,2023-07-13T06:45:00,60
S-NS,2023-07-13T06:45:00,840
VF0,2023-07-13T06:45:00,60
VF1,2023-07-13T06:45:00,60
VF2,2023-07-13T06:45:00,7729
VF3,2023-07-13T06:45:00,316
VF4,2023-07-13T06:45:00,6602
VH3,2023-07-13T06:45:00,60
AF2,2023-07-13T07:03:00,60
AF3,2023-07-13T07:03:00,60
EF-T,2023-07-13T07:03:00,60
GH-T,2023-07-13T07:03:00,127
NS-S,2023-07-13T07:03:00,60
S-NS,2023-07-13T07:03:00,886
VF0,2023-07-13T07:03:00,60
VF1,2023-07-13T07:03:00,60
VF2,2023-07-13T07:03:00,8021
VF3,2023-07-13T07:03:00,334
VF4,2023-07-13T07:03:00,4989
VH3,2023-07-13T07:03:00,60
AF2,2023-07-13T07:26:00,60
AF3,2023-07-13T07:26:00,60
EF-T,2023-07-13T07:26:00,60
GH-T,2023-07-13T07:26:00,60
NS-S,2023-07-13T07:26:00,60
S-NS,2023-07-13T07:26:00,2703
VF0,2023-07-13T07:26:00,60
VF1,2023-07-13T07:25:00,60
VF2,2023-07-13T07:26:00,11492
VF3,2023-07-13T07:26:00,335
VF4,2023-07-13T07:26:00,3498
VH3,2023-07-13T07:26:00,60
AF2,2023-07-13T07:33:00,60
AF3,2023-07-13T07:33:00,60
EF-T,2023-07-13T07:33:00,60
GH-T,2023-07-13T07:33:00,60
NS-S,2023-07-13T07:33:00,60
S-NS,2023-07-13T07:33:00,3446
VF0,2023-07-13T07:33:00,60
VF1,2023-07-13T07:33:00,60
VF2,2023-07-13T07:33:00,13051
VF3,2023-07-13T07:33:00,340
VF4,2023-07-13T07:33:00,3394
VH3,2023-07-13T07:33:00,60
AF2,2023-07-13T07:45:00,60
AF3,2023-07-13T07:45:00,60
EF-T,2023-07-13T07:45:00,60
GH-T,2023-07-13T07:45:00,115
NS-S,2023-07-13T07:45:00,60
S-NS,2023-07-13T07:45:00,6263
VF0,2023-07-13T07:45:00,60
VF1,2023-07-13T07:45:00,60
VF2,2023-07-13T07:45:00,14245
VF3,2023-07-13T07:45:00,358
VF4,2023-07-13T07:45:00,2690
VH3,2023-07-13T07:45:00,120
AF2,2023-07-13T08:07:00,60
AF3,2023-07-13T08:08:00,60
EF-T,2023-07-13T08:08:00,60
GH-T,2023-07-13T08:07:00,67
NS-S,2023-07-13T08:07:00,60
S-NS,2023-07-13T08:08:00,10863
VF0,2023-07-13T08:07:00,60
VF1,2023-07-13T08:07:00,60
VF2,2023-07-13T08:08:00,16100
VF3,2023-07-13T08:07:00,464
VF4,2023-07-13T08:07:00,1842
VH3,2023-07-13T08:07:00,60
AF2,2023-07-13T08:29:00,60
AF3,2023-07-13T08:30:00,60
EF-T,2023-07-13T08:30:00,60
GH-T,2023-07-13T08:29:00,1125
NS-S,2023-07-13T08:30:00,60
S-NS,2023-07-13T08:30:00,14457
VF0,2023-07-13T08:29:00,160
VF1,2023-07-13T08:29:00,60
VF2,2023-07-13T08:30:00,14974
VF3,2023-07-13T08:29:00,903
VF4,2023-07-13T08:29:00,1190
VH3,2023-07-13T08:29:00,91
AF2,2023-07-13T08:40:00,60
AF3,2023-07-13T08:40:00,60
EF-T,2023-07-13T08:40:00,60
GH-T,2023-07-13T08:40:00,436
NS-S,2023-07-13T08:40:00,60
S-NS,2023-07-13T08:40:00,16457
VF0,2023-07-13T08:40:00,287
VF1,2023-07-13T08:40:00,60
VF2,2023-07-13T08:40:00,16450
VF3,2023-07-13T08:40:00,795
VF4,2023-07-13T08:40:00,1308
VH3,2023-07-13T08:40:00,60
AF2,2023-07-13T08:46:00,60
AF3,2023-07-13T08:46:00,60
EF-T,2023-07-13T08:46:00,60
GH-T,2023-07-13T08:46:00,525
NS-S,2023-07-13T08:46:00,60
S-NS,2023-07-13T08:46:00,16926
VF0,2023-07-13T08:46:00,356
VF1,2023-07-13T08:45:00,60
VF2,2023-07-13T08:46:00,16705
VF3,2023-07-13T08:46:00,775
VF4,2023-07-13T08:46:00,1197
VH3,2023-07-13T08:45:00,60
AF2,2023-07-13T09:03:00,60
AF3,2023-07-13T09:03:00,60
EF-T,2023-07-13T09:03:00,60
GH-T,2023-07-13T09:03:00,60
NS-S,2023-07-13T09:03:00,60
S-NS,2023-07-13T09:03:00,20377
VF0,2023-07-13T09:03:00,246
VF1,2023-07-13T09:03:00,60
VF2,2023-07-13T09:03:00,16531
VF3,2023-07-13T09:03:00,701
VF4,2023-07-13T09:03:00,1248
VH3,2023-07-13T09:03:00,120
AF2,2023-07-13T09:21:00,60
AF3,2023-07-13T09:21:00,60
EF-T,2023-07-13T09:21:00,60
GH-T,2023-07-13T09:20:00,60
NS-S,2023-07-13T09:21:00,60
S-NS,2023-07-13T09:21:00,21749
VF0,2023-07-13T09:21:00,305
VF1,2023-07-13T09:20:00,60
VF2,2023-07-13T09:21:00,13519
VF3,2023-07-13T09:21:00,649
VF4,2023-07-13T09:21:00,2255
VH3,2023-07-13T09:21:00,60
AF2,2023-07-13T09:29:00,60
AF3,2023-07-13T09:29:00,60
EF-T,2023-07-13T09:29:00,60
GH-T,2023-07-13T09:29:00,60
NS-S,2023-07-13T09:29:00,60
S-NS,2023-07-13T09:29:00,21869
VF0,2023-07-13T09:29:00,278
VF1,2023-07-13T09:29:00,60
VF2,2023-07-13T09:29:00,12985
VF3,2023-07-13T09:29:00,653
VF4,2023-07-13T09:29:00,2444
VH3,2023-07-13T09:29:00,60
AF2,2023-07-13T09:45:00,60
AF3,2023-07-13T09:45:00,60
EF-T,2023-07-13T09:45:00,60
GH-T,2023-07-13T09:45:00,60
NS-S,2023-07-13T09:45:00,60
S-NS,2023-07-13T09:45:00,18908
VF0,2023-07-13T09:45:00,108
VF1,2023-07-13T09:45:00,60
VF2,2023-07-13T09:45:00,12739
VF3,2023-07-13T09:45:00,504
VF4,2023-07-13T09:45:00,2788
VH3,2023-07-13T09:45:00,120
AF2,2023-07-13T10:07:00,60
AF3,2023-07-13T10:08:00,60
EF-T,2023-07-13T10:08:00,60
GH-T,2023-07-13T10:07:00,113
NS-S,2023-07-13T10:08:00,60
S-NS,2023-07-13T10:08:00,14251
VF0,2023-07-13T10:07:00,71
VF1,2023-07-13T10:07:00,125
VF2,2023-07-13T10:08:00,2247
VF3,2023-07-13T10:07:00,511
VF4,2023-07-13T10:07:00,2027
VH3,2023-07-13T10:07:00,91
AF2,2023-07-13T10:28:00,60
AF3,2023-07-13T10:28:00,60
EF-T,2023-07-13T10:28:00,60
GH-T,2023-07-13T10:28:00,79
NS-S,2023-07-13T10:28:00,60
S-NS,2023-07-13T10:28:00,6408
VF0,2023-07-13T10:28:00,131
VF1,2023-07-13T10:28:00,136
VF2,2023-07-13T10:28:00,3312
VF3,2023-07-13T10:28:00,431
VF4,2023-07-13T10:28:00,1755
VH3,2023-07-13T10:28:00,60
AF2,2023-07-13T10:37:00,103
AF3,2023-07-13T10:37:00,60
EF-T,2023-07-13T10:37:00,517
GH-T,2023-07-13T10:37:00,60
NS-S,2023-07-13T10:37:00,395
S-NS,2023-07-13T10:37:00,2803
VF0,2023-07-13T10:37:00,172
VF1,2023-07-13T10:37:00,112
VF2,2023-07-13T10:37:00,4198
VF3,2023-07-13T10:37:00,514
VF4,2023-07-13T10:37:00,882
VH3,2023-07-13T10:37:00,60
AF2,2023-07-13T10:45:00,606
AF3,2023-07-13T10:45:00,60
EF-T,2023-07-13T10:45:00,762
GH-T,2023-07-13T10:45:00,60
NS-S,2023-07-13T10:45:00,469
S-NS,2023-07-13T10:45:00,2016
VF0,2023-07-13T10:45:00,60
VF1,2023-07-13T10:45:00,332
VF2,2023-07-13T10:45:00,15072
VF3,2023-07-13T10:45:00,441
VF4,2023-07-13T10:45:00,783
VH3,2023-07-13T10:45:00,60
AF2,2023-07-13T11:03:00,632
AF3,2023-07-13T11:04:00,230
EF-T,2023-07-13T11:04:00,677
GH-T,2023-07-13T11:03:00,60
NS-S,2023-07-13T11:04:00,453
S-NS,2023-07-13T11:04:00,1756
VF0,2023-07-13T11:03:00,60
VF1,2023-07-13T11:03:00,414
VF2,2023-07-13T11:04:00,2881
VF3,2023-07-13T11:03:00,366
VF4,2023-07-13T11:03:00,339
VH3,2023-07-13T11:03:00,60
AF2,2023-07-13T11:22:00,1030
AF3,2023-07-13T11:23:00,236
EF-T,2023-07-13T11:22:00,386
GH-T,2023-07-13T11:22:00,60
NS-S,2023-07-13T11:23:00,269
S-NS,2023-07-13T11:23:00,556
VF0,2023-07-13T11:22:00,60
VF1,2023-07-13T11:22:00,589
VF2,2023-07-13T11:23:00,1217
VF3,2023-07-13T11:22:00,379
VF4,2023-07-13T11:22:00,164
VH3,2023-07-13T11:22:00,91
AF2,2023-07-13T11:30:00,109
AF3,2023-07-13T11:30:00,435
EF-T,2023-07-13T11:30:00,249
GH-T,2023-07-13T11:30:00,60
NS-S,2023-07-13T11:30:00,116
S-NS,2023-07-13T11:30:00,693
VF0,2023-07-13T11:30:00,118
VF1,2023-07-13T11:30:00,505
VF2,2023-07-13T11:30:00,782
VF3,2023-07-13T11:30:00,302
VF4,2023-07-13T11:30:00,167
VH3,2023-07-13T11:30:00,60
AF2,2023-07-13T11:45:00,1217
AF3,2023-07-13T11:45:00,244
EF-T,2023-07-13T11:45:00,113
GH-T,2023-07-13T11:45:00,127
NS-S,2023-07-13T11:45:00,565
S-NS,2023-07-13T11:45:00,701
VF0,2023-07-13T11:45:00,237
VF1,2023-07-13T11:45:00,660
VF2,2023-07-13T11:45:00,697
VF3,2023-07-13T11:45:00,366
VF4,2023-07-13T11:45:00,60
VH3,2023-07-13T11:45:00,60
AF2,2023-07-13T12:04:00,1156
AF3,2023-07-13T12:04:00,472
EF-T,2023-07-13T12:04:00,139
GH-T,2023-07-13T12:04:00,60
NS-S,2023-07-13T12:04:00,60
S-NS,2023-07-13T12:05:00,322
VF0,2023-07-13T12:04:00,60
VF1,2023-07-13T12:04:00,686
VF2,2023-07-13T12:05:00,908
VF3,2023-07-13T12:04:00,309
VF4,2023-07-13T12:04:00,60
VH3,2023-07-13T12:04:00,60
AF2,2023-07-13T12:28:00,220
AF3,2023-07-13T12:28:00,60
EF-T,2023-07-13T12:28:00,273
GH-T,2023-07-13T12:27:00,60
NS-S,2023-07-13T12:28:00,75
S-NS,2023-07-13T12:28:00,60
VF0,2023-07-13T12:28:00,60
VF1,2023-07-13T12:27:00,1040
VF2,2023-07-13T12:28:00,324
VF3,2023-07-13T12:27:00,299
VF4,2023-07-13T12:27:00,61
VH3,2023-07-13T12:27:00,60
AF2,2023-07-13T12:36:00,224
AF3,2023-07-13T12:36:00,577
EF-T,2023-07-13T12:36:00,60
GH-T,2023-07-13T12:36:00,121
NS-S,2023-07-13T12:36:00,476
S-NS,2023-07-13T12:36:00,70
VF0,2023-07-13T12:36:00,144
VF1,2023-07-13T12:36:00,896
VF2,2023-07-13T12:36:00,207
VF3,2023-07-13T12:35:00,409
VF4,2023-07-13T12:36:00,60
VH3,2023-07-13T12:36:00,120
AF2,2023-07-13T12:45:00,596
AF3,2023-07-13T12:45:00,396
EF-T,2023-07-13T12:45:00,60
GH-T,2023-07-13T12:45:00,121
NS-S,2023-07-13T12:45:00,983
S-NS,2023-07-13T12:45:00,60
VF0,2023-07-13T12:45:00,60
VF1,2023-07-13T12:45:00,676
VF2,2023-07-13T12:45:00,131
VF3,2023-07-13T12:45:00,471
VF4,2023-07-13T12:45:00,205
VH3,2023-07-13T12:45:00,91
AF2,2023-07-13T13:01:00,325
AF3,2023-07-13T13:01:00,60
EF-T,2023-07-13T13:01:00,60
GH-T,2023-07-13T13:01:00,60
NS-S,2023-07-13T13:01:00,993
S-NS,2023-07-13T13:01:00,250
VF0,2023-07-13T13:01:00,60
VF1,2023-07-13T13:01:00,556
VF2,2023-07-13T13:01:00,224
VF3,2023-07-13T13:00:00,448
VF4,2023-07-13T13:01:00,60
VH3,2023-07-13T13:01:00,60
AF2,2023-07-13T13:19:00,178
AF3,2023-07-13T13:19:00,71
EF-T,2023-07-13T13:20:00,60
GH-T,2023-07-13T13:19:00,113
NS-S,2023-07-13T13:20:00,270
S-NS,2023-07-13T13:20:00,147
VF0,2023-07-13T13:19:00,60
VF1,2023-07-13T13:19:00,663
VF2,2023-07-13T13:20:00,296
VF3,2023-07-13T13:19:00,320
VF4,2023-07-13T13:19:00,89
VH3,2023-07-13T13:19:00,60
AF2,2023-07-13T13:30:00,239
AF3,2023-07-13T13:30:00,505
EF-T,2023-07-13T13:30:00,106
GH-T,2023-07-13T13:30:00,60
NS-S,2023-07-13T13:30:00,340
S-NS,2023-07-13T13:30:00,201
VF0,2023-07-13T13:30:00,60
VF1,2023-07-13T13:30:00,473
VF2,2023-07-13T13:30:00,271
VF3,2023-07-13T13:30:00,351
VF4,2023-07-13T13:30:00,78
VH3,2023-07-13T13:30:00,91
AF2,2023-07-13T13:45:00,154
AF3,2023-07-13T13:45:00,195
EF-T,2023-07-13T13:45:00,60
GH-T,2023-07-13T13:45:00,60
NS-S,2023-07-13T13:45:00,360
S-NS,2023-07-13T13:45:00,394
VF0,2023-07-13T13:45:00,60
VF1,2023-07-13T13:45:00,403
VF2,2023-07-13T13:45:00,209
VF3,2023-07-13T13:45:00,411
VF4,2023-07-13T13:45:00,117
VH3,2023-07-13T13:45:00,60
AF2,2023-07-13T14:10:00,868
AF3,2023-07-13T14:10:00,1810
EF-T,2023-07-13T14:10:00,60
GH-T,2023-07-13T14:10:00,60
NS-S,2023-07-13T14:10:00,842
S-NS,2023-07-13T14:10:00,1028
VF0,2023-07-13T14:10:00,60
VF1,2023-07-13T14:10:00,383
VF2,2023-07-13T14:10:00,287
VF3,2023-07-13T14:10:00,466
VF4,2023-07-13T14:10:00,190
VH3,2023-07-13T14:10:00,60
AF2,2023-07-13T14:48:00,1612
AF3,2023-07-13T14:48:00,274
EF-T,2023-07-13T14:48:00,601
GH-T,2023-07-13T14:48:00,60
NS-S,2023-07-13T14:48:00,217
S-NS,2023-07-13T14:48:00,72
VF0,2023-07-13T14:48:00,60
VF1,2023-07-13T14:47:00,361
VF2,2023-07-13T14:48:00,370
VF3,2023-07-13T14:48:00,302
VF4,2023-07-13T14:48:00,60
VH3,2023-07-13T14:47:00,60
AF2,2023-07-13T15:16:00,316
AF3,2023-07-13T15:16:00,291
EF-T,2023-07-13T15:16:00,184
GH-T,2023-07-13T15:16:00,61
NS-S,2023-07-13T15:16:00,575
S-NS,2023-07-13T15:16:00,924
VF0,2023-07-13T15:16:00,141
VF1,2023-07-13T15:16:00,466
VF2,2023-07-13T15:16:00,71
VF3,2023-07-13T15:16:00,346
VF4,2023-07-13T15:16:00,60
VH3,2023-07-13T15:16:00,60
AF2,2023-07-13T15:40:00,60
AF3,2023-07-13T15:40:00,447
EF-T,2023-07-13T15:40:00,60
GH-T,2023-07-13T15:40:00,375
NS-S,2023-07-13T15:40:00,996
S-NS,2023-07-13T15:40:00,197
VF0,2023-07-13T15:40:00,60
VF1,2023-07-13T15:40:00,441
VF2,2023-07-13T15:40:00,101
VF3,2023-07-13T15:40:00,323
VF4,2023-07-13T15:40:00,131
VH3,2023-07-13T15:40:00,60
AF2,2023-07-13T15:46:00,60
AF3,2023-07-13T15:46:00,275
EF-T,2023-07-13T15:46:00,60
GH-T,2023-07-13T15:46:00,562
NS-S,2023-07-13T15:46:00,957
S-NS,2023-07-13T15:46:00,117
VF0,2023-07-13T15:46:00,60
VF1,2023-07-13T15:46:00,315
VF2,2023-07-13T15:46:00,83
VF3,2023-07-13T15:46:00,326
VF4,2023-07-13T15:46:00,262
VH3,2023-07-13T15:46:00,60
AF2,2023-07-13T16:01:00,60
AF3,2023-07-13T16:01:00,149
EF-T,2023-07-13T16:01:00,80
GH-T,2023-07-13T16:00:00,338
NS-S,2023-07-13T16:01:00,2271
S-NS,2023-07-13T16:01:00,110
VF0,2023-07-13T16:01:00,122
VF1,2023-07-13T16:01:00,325
VF2,2023-07-13T16:01:00,277
VF3,2023-07-13T16:01:00,204
VF4,2023-07-13T16:01:00,147
VH3,2023-07-13T16:01:00,60
AF2,2023-07-13T16:26:00,84
AF3,2023-07-13T16:26:00,85
EF-T,2023-07-13T16:26:00,68
GH-T,2023-07-13T16:25:00,60
NS-S,2023-07-13T16:26:00,431
S-NS,2023-07-13T16:26:00,558
VF0,2023-07-13T16:26:00,60
VF1,2023-07-13T16:25:00,449
VF2,2023-07-13T16:26:00,275
VF3,2023-07-13T16:25:00,346
VF4,2023-07-13T16:25:00,60
VH3,2023-07-13T16:25:00,60
AF2,2023-07-13T16:33:00,67
AF3,2023-07-13T16:34:00,60
EF-T,2023-07-13T16:34:00,60
GH-T,2023-07-13T16:33:00,60
NS-S,2023-07-13T16:34:00,275
S-NS,2023-07-13T16:34:00,197
VF0,2023-07-13T16:33:00,76
VF1,2023-07-13T16:33:00,577
VF2,2023-07-13T16:34:00,173
VF3,2023-07-13T16:33:00,360
VF4,2023-07-13T16:33:00,249
VH3,2023-07-13T16:33:00,60
AF2,2023-07-13T16:45:00,60
AF3,2023-07-13T16:45:00,60
EF-T,2023-07-13T16:45:00,80
GH-T,2023-07-13T16:44:00,60
NS-S,2023-07-13T16:45:00,60
S-NS,2023-07-13T16:45:00,60
VF0,2023-07-13T16:45:00,60
VF1,2023-07-13T16:45:00,583
VF2,2023-07-13T16:45:00,204
VF3,2023-07-13T16:45:00,348
VF4,2023-07-13T16:45:00,178
VH3,2023-07-13T16:45:00,60
AF2,2023-07-13T17:03:00,979
AF3,2023-07-13T17:03:00,806
EF-T,2023-07-13T17:03:00,221
GH-T,2023-07-13T17:02:00,60
NS-S,2023-07-13T17:03:00,106
S-NS,2023-07-13T17:03:00,60
VF0,2023-07-13T17:03:00,126
VF1,2023-07-13T17:03:00,456
VF2,2023-07-13T17:03:00,221
VF3,2023-07-13T17:03:00,291
VF4,2023-07-13T17:02:00,185
VH3,2023-07-13T17:03:00,60
AF2,2023-07-13T17:22:00,425
AF3,2023-07-13T17:22:00,398
EF-T,2023-07-13T17:22:00,60
GH-T,2023-07-13T17:22:00,60
NS-S,2023-07-13T17:22:00,169
S-NS,2023-07-13T17:22:00,110
VF0,2023-07-13T17:22:00,60
VF1,2023-07-13T17:22:00,419
VF2,2023-07-13T17:22:00,130
VF3,2023-07-13T17:21:00,292
VF4,2023-07-13T17:22:00,60
VH3,2023-07-13T17:22:00,120
AF2,2023-07-13T17:30:00,281
AF3,2023-07-13T17:30:00,129
EF-T,2023-07-13T17:30:00,60
GH-T,2023-07-13T17:29:00,60
NS-S,2023-07-13T17:30:00,421
S-NS,2023-07-13T17:30:00,60
VF0,2023-07-13T17:30:00,60
VF1,2023-07-13T17:30:00,384
VF2,2023-07-13T17:30:00,105
VF3,2023-07-13T17:30:00,285
VF4,2023-07-13T17:29:00,60
VH3,2023-07-13T17:30:00,60
AF2,2023-07-13T17:45:00,143
AF3,2023-07-13T17:44:00,175
EF-T,2023-07-13T17:45:00,177
GH-T,2023-07-13T17:45:00,75
NS-S,2023-07-13T17:45:00,224
S-NS,2023-07-13T17:45:00,95
VF0,2023-07-13T17:45:00,124
VF1,2023-07-13T17:45:00,309
VF2,2023-07-13T17:45:00,276
VF3,2023-07-13T17:45:00,332
VF4,2023-07-13T17:44:00,60
VH3,2023-07-13T17:44:00,60
AF2,2023-07-13T18:06:00,60
AF3,2023-07-13T18:06:00,66
EF-T,2023-07-13T18:06:00,60
GH-T,2023-07-13T18:06:00,75
NS-S,2023-07-13T18:06:00,602
S-NS,2023-07-13T18:06:00,60
VF0,2023-07-13T18:06:00,60
VF1,2023-07-13T18:06:00,478
VF2,2023-07-13T18:06:00,285
VF3,2023-07-13T18:06:00,376
VF4,2023-07-13T18:06:00,150
VH3,2023-07-13T18:06:00,60
AF2,2023-07-13T18:30:00,60
AF3,2023-07-13T18:30:00,180
EF-T,2023-07-13T18:30:00,60
GH-T,2023-07-13T18:30:00,60
NS-S,2023-07-13T18:30:00,1395
S-NS,2023-07-13T18:30:00,841
VF0,2023-07-13T18:30:00,168
VF1,2023-07-13T18:30:00,403
VF2,2023-07-13T18:30:00,1895
VF3,2023-07-13T18:30:00,271
VF4,2023-07-13T18:30:00,252
VH3,2023-07-13T18:30:00,120
AF2,2023-07-13T18:46:00,60
AF3,2023-07-13T18:46:00,146
EF-T,2023-07-13T18:46:00,60
GH-T,2023-07-13T18:46:00,60
NS-S,2023-07-13T18:46:00,1344
S-NS,2023-07-13T18:46:00,1434
VF0,2023-07-13T18:46:00,256
VF1,2023-07-13T18:46:00,217
VF2,2023-07-13T18:46:00,7912
VF3,2023-07-13T18:46:00,318
VF4,2023-07-13T18:46:00,684
VH3,2023-07-13T18:46:00,60
AF2,2023-07-13T19:02:00,347
AF3,2023-07-13T19:02:00,60
EF-T,2023-07-13T19:02:00,135
GH-T,2023-07-13T19:02:00,60
NS-S,2023-07-13T19:02:00,781
S-NS,2023-07-13T19:02:00,715
VF0,2023-07-13T19:02:00,60
VF1,2023-07-13T19:02:00,227
VF2,2023-07-13T19:02:00,2246
VF3,2023-07-13T19:02:00,344
VF4,2023-07-13T19:02:00,508
VH3,2023-07-13T19:02:00,60
AF2,2023-07-13T19:25:00,508
AF3,2023-07-13T19:25:00,60
EF-T,2023-07-13T19:25:00,251
GH-T,2023-07-13T19:24:00,60
NS-S,2023-07-13T19:25:00,144
S-NS,2023-07-13T19:25:00,694
VF0,2023-07-13T19:25:00,60
VF1,2023-07-13T19:25:00,617
VF2,2023-07-13T19:25:00,543
VF3,2023-07-13T19:24:00,0
VF4,2023-07-13T19:24:00,380
VH3,2023-07-13T19:25:00,120
AF2,2023-07-13T19:31:00,896
AF3,2023-07-13T19:31:00,60
EF-T,2023-07-13T19:31:00,220
GH-T,2023-07-13T19:31:00,60
NS-S,2023-07-13T19:31:00,818
S-NS,2023-07-13T19:31:00,690
VF0,2023-07-13T19:31:00,60
VF1,2023-07-13T19:31:00,658
VF2,2023-07-13T19:31:00,507
VF3,2023-07-13T19:31:00,536
VF4,2023-07-13T19:31:00,316
VH3,2023-07-13T19:31:00,60
AF2,2023-07-13T19:45:00,99
AF3,2023-07-13T19:45:00,122
EF-T,2023-07-13T19:45:00,493
GH-T,2023-07-13T19:45:00,60
NS-S,2023-07-13T19:45:00,422
S-NS,2023-07-13T19:45:00,291
VF0,2023-07-13T19:45:00,60
VF1,2023-07-13T19:45:00,332
VF2,2023-07-13T19:45:00,304
VF3,2023-07-13T19:45:00,1223
VF4,2023-07-13T19:45:00,375
VH3,2023-07-13T19:45:00,60
AF2,2023-07-13T20:07:00,452
AF3,2023-07-13T20:07:00,80
EF-T,2023-07-13T20:07:00,305
GH-T,2023-07-13T20:06:00,60
NS-S,2023-07-13T20:07:00,550
S-NS,2023-07-13T20:07:00,564
VF0,2023-07-13T20:07:00,60
VF1,2023-07-13T20:07:00,287
VF2,2023-07-13T20:07:00,60
VF3,2023-07-13T20:07:00,745
VF4,2023-07-13T20:07:00,138
VH3,2023-07-13T20:06:00,120
AF2,2023-07-13T20:28:00,60
AF3,2023-07-13T20:28:00,60
EF-T,2023-07-13T20:28:00,148
GH-T,2023-07-13T20:28:00,120
NS-S,2023-07-13T20:28:00,610
S-NS,2023-07-13T20:28:00,724
VF0,2023-07-13T20:28:00,60
VF1,2023-07-13T20:28:00,295
VF2,2023-07-13T20:28:00,138
VF3,2023-07-13T20:28:00,452
VF4,2023-07-13T20:28:00,108
VH3,2023-07-13T20:28:00,60
AF2,2023-07-13T20:37:00,60
AF3,2023-07-13T20:37:00,71
EF-T,2023-07-13T20:37:00,249
GH-T,2023-07-13T20:37:00,120
NS-S,2023-07-13T20:37:00,226
S-NS,2023-07-13T20:37:00,541
VF0,2023-07-13T20:37:00,60
VF1,2023-07-13T20:37:00,270
VF2,2023-07-13T20:37:00,60
VF3,2023-07-13T20:37:00,274
VF4,2023-07-13T20:37:00,65
VH3,2023-07-13T20:37:00,60
AF2,2023-07-13T20:45:00,113
AF3,2023-07-13T20:45:00,60
EF-T,2023-07-13T20:45:00,247
GH-T,2023-07-13T20:45:00,120
NS-S,2023-07-13T20:45:00,60
S-NS,2023-07-13T20:45:00,150
VF0,2023-07-13T20:45:00,60
VF1,2023-07-13T20:45:00,304
VF2,2023-07-13T20:45:00,60
VF3,2023-07-13T20:45:00,88
VF4,2023-07-13T20:45:00,102
VH3,2023-07-13T20:45:00,60
AF2,2023-07-13T21:01:00,60
AF3,2023-07-13T21:01:00,153
EF-T,2023-07-13T21:01:00,60
GH-T,2023-07-13T21:01:00,120
NS-S,2023-07-13T21:01:00,103
S-NS,2023-07-13T21:01:00,60
VF0,2023-07-13T21:01:00,60
VF1,2023-07-13T21:01:00,0
VF2,2023-07-13T21:01:00,60
VF3,2023-07-13T21:01:00,0
VF4,2023-07-13T21:01:00,0
VH3,2023-07-13T21:01:00,60
AF2,2023-07-13T21:17:00,113
AF3,2023-07-13T21:17:00,60
EF-T,2023-07-13T21:17:00,60
GH-T,2023-07-13T21:17:00,60
NS-S,2023-07-13T21:17:00,60
S-NS,2023-07-13T21:17:00,434
VF0,2023-07-13T21:17:00,60
VF1,2023-07-13T21:17:00,319
VF2,2023-07-13T21:17:00,85
VF3,2023-07-13T21:17:00,317
VF4,2023-07-13T21:17:00,60
VH3,2023-07-13T21:17:00,60
AF2,2023-07-13T21:30:00,562
AF3,2023-07-13T21:30:00,60
EF-T,2023-07-13T21:30:00,60
GH-T,2023-07-13T21:30:00,60
NS-S,2023-07-13T21:30:00,70
S-NS,2023-07-13T21:31:00,60
VF0,2023-07-13T21:30:00,60
VF1,2023-07-13T21:30:00,294
VF2,2023-07-13T21:31:00,60
VF3,2023-07-13T21:30:00,247
VF4,2023-07-13T21:30:00,60
VH3,2023-07-13T21:30:00,60
AF2,2023-07-13T21:45:00,278
AF3,2023-07-13T21:45:00,123
EF-T,2023-07-13T21:45:00,60
GH-T,2023-07-13T21:45:00,60
NS-S,2023-07-13T21:45:00,60
S-NS,2023-07-13T21:45:00,60
VF0,2023-07-13T21:45:00,60
VF1,2023-07-13T21:45:00,205
VF2,2023-07-13T21:45:00,60
VF3,2023-07-13T21:45:00,249
VF4,2023-07-13T21:45:00,60
VH3,2023-07-13T21:45:00,60
AF2,2023-07-13T22:06:00,198
AF3,2023-07-13T22:06:00,60
EF-T,2023-07-13T22:06:00,60
GH-T,2023-07-13T22:06:00,60
NS-S,2023-07-13T22:06:00,101
S-NS,2023-07-13T22:06:00,60
VF0,2023-07-13T22:06:00,60
VF1,2023-07-13T22:06:00,172
VF2,2023-07-13T22:06:00,60
VF3,2023-07-13T22:06:00,251
VF4,2023-07-13T22:06:00,60
VH3,2023-07-13T22:06:00,60
AF2,2023-07-13T22:24:00,1123
AF3,2023-07-13T22:24:00,60
EF-T,2023-07-13T22:24:00,60
GH-T,2023-07-13T22:24:00,60
NS-S,2023-07-13T22:24:00,60
S-NS,2023-07-13T22:24:00,69
VF0,2023-07-13T22:24:00,60
VF1,2023-07-13T22:23:00,167
VF2,2023-07-13T22:24:00,60
VF3,2023-07-13T22:24:00,93
VF4,2023-07-13T22:24:00,60
VH3,2023-07-13T22:24:00,60
AF2,2023-07-13T22:30:00,536
AF3,2023-07-13T22:30:00,60
EF-T,2023-07-13T22:30:00,60
GH-T,2023-07-13T22:30:00,60
NS-S,2023-07-13T22:30:00,1183
S-NS,2023-07-13T22:30:00,60
VF0,2023-07-13T22:30:00,60
VF1,2023-07-13T22:30:00,145
VF2,2023-07-13T22:30:00,60
VF3,2023-07-13T22:30:00,60
VF4,2023-07-13T22:29:00,60
VH3,2023-07-13T22:30:00,60
AF2,2023-07-13T22:45:00,1158
AF3,2023-07-13T22:45:00,60
EF-T,2023-07-13T22:45:00,60
GH-T,2023-07-13T22:45:00,60
NS-S,2023-07-13T22:45:00,77
S-NS,2023-07-13T22:45:00,60
VF0,2023-07-13T22:45:00,60
VF1,2023-07-13T22:45:00,273
VF2,2023-07-13T22:45:00,60
VF3,2023-07-13T22:45:00,60
VF4,2023-07-13T22:45:00,60
VH3,2023-07-13T22:45:00,60
AF2,2023-07-13T23:02:00,338
AF3,2023-07-13T23:02:00,60
EF-T,2023-07-13T23:02:00,60
GH-T,2023-07-13T23:02:00,60
NS-S,2023-07-13T23:02:00,91
S-NS,2023-07-13T23:02:00,74
VF0,2023-07-13T23:02:00,60
VF1,2023-07-13T23:02:00,272
VF2,2023-07-13T23:02:00,60
VF3,2023-07-13T23:02:00,60
VF4,2023-07-13T23:02:00,60
VH3,2023-07-13T23:02:00,60
AF2,2023-07-13T23:20:00,173
AF3,2023-07-13T23:20:00,60
EF-T,2023-07-13T23:20:00,60
GH-T,2023-07-13T23:20:00,60
NS-S,2023-07-13T23:20:00,104
S-NS,2023-07-13T23:20:00,60
VF0,2023-07-13T23:20:00,60
VF1,2023-07-13T23:20:00,233
VF2,2023-07-13T23:20:00,60
VF3,2023-07-13T23:20:00,60
VF4,2023-07-13T23:20:00,60
VH3,2023-07-13T23:20:00,60
AF2,2023-07-13T23:30:00,60
AF3,2023-07-13T23:31:00,60
EF-T,2023-07-13T23:31:00,60
GH-T,2023-07-13T23:30:00,60
NS-S,2023-07-13T23:31:00,90
S-NS,2023-07-13T23:31:00,60
VF0,2023-07-13T23:30:00,60
VF1,2023-07-13T23:30:00,219
VF2,2023-07-13T23:31:00,60
VF3,2023-07-13T23:30:00,60
VF4,2023-07-13T23:30:00,60
VH3,2023-07-13T23:30:00,60
AF2,2023-07-13T23:45:00,60
AF3,2023-07-13T23:45:00,60
EF-T,2023-07-13T23:45:00,60
GH-T,2023-07-13T23:45:00,60
NS-S,2023-07-13T23:45:00,96
S-NS,2023-07-13T23:45:00,60
VF0,2023-07-13T23:45:00,60
VF1,2023-07-13T23:45:00,202
VF2,2023-07-13T23:45:00,60
VF3,2023-07-13T23:45:00,60
VF4,2023-07-13T23:45:00,60
VH3,2023-07-13T23:45:00,60
AF2,2023-07-14T00:02:00,60
AF3,2023-07-14T00:02:00,60
EF-T,2023-07-14T00:02:00,60
GH-T,2023-07-14T00:02:00,60
NS-S,2023-07-14T00:02:00,84
S-NS,2023-07-14T00:02:00,0
VF0,2023-07-13T23:59:00,60
VF1,2023-07-14T00:02:00,0
VF2,2023-07-14T00:02:00,0
VF3,2023-07-14T00:02:00,0
VF4,2023-07-14T00:02:00,0
VH3,2023-07-14T00:02:00,60
AF2,2023-07-14T00:26:00,60
AF3,2023-07-14T00:26:00,60
EF-T,2023-07-14T00:26:00,60
GH-T,2023-07-14T00:26:00,60
NS-S,2023-07-14T00:26:00,85
S-NS,2023-07-14T00:26:00,137
VF0,2023-07-14T00:26:00,60
VF1,2023-07-14T00:26:00,121
VF2,2023-07-14T00:26:00,60
VF3,2023-07-14T00:26:00,60
VF4,2023-07-14T00:26:00,60
VH3,2023-07-14T00:26:00,60
AF2,2023-07-14T00:34:00,60
AF3,2023-07-14T00:34:00,60
EF-T,2023-07-14T00:34:00,60
GH-T,2023-07-14T00:34:00,60
NS-S,2023-07-14T00:34:00,91
S-NS,2023-07-14T00:34:00,120
VF0,2023-07-14T00:34:00,60
VF1,2023-07-14T00:34:00,60
VF2,2023-07-14T00:34:00,60
VF3,2023-07-14T00:34:00,60
VF4,2023-07-14T00:34:00,60
VH3,2023-07-14T00:34:00,60
AF2,2023-07-14T00:45:00,60
AF3,2023-07-14T00:45:00,60
EF-T,2023-07-14T00:45:00,60
GH-T,2023-07-14T00:45:00,60
NS-S,2023-07-14T00:45:00,60
S-NS,2023-07-14T00:45:00,103
VF0,2023-07-14T00:45:00,60
VF1,2023-07-14T00:45:00,97
VF2,2023-07-14T00:45:00,60
VF3,2023-07-14T00:45:00,60
VF4,2023-07-14T00:45:00,60
VH3,2023-07-14T00:45:00,60
AF2,2023-07-14T01:03:00,60
AF3,2023-07-14T01:03:00,60
EF-T,2023-07-14T01:03:00,78
GH-T,2023-07-14T01:02:00,60
NS-S,2023-07-14T01:03:00,60
S-NS,2023-07-14T01:03:00,60
VF0,2023-07-14T01:03:00,60
VF1,2023-07-14T01:03:00,60
VF2,2023-07-14T01:03:00,60
VF3,2023-07-14T01:03:00,60
VF4,2023-07-14T01:02:00,0
VH3,2023-07-14T01:02:00,91
AF2,2023-07-14T01:22:00,60
AF3,2023-07-14T01:23:00,60
EF-T,2023-07-14T01:23:00,60
GH-T,2023-07-14T01:22:00,60
NS-S,2023-07-14T01:23:00,60
S-NS,2023-07-14T01:23:00,91
VF0,2023-07-14T01:22:00,60
VF1,2023-07-14T01:22:00,88
VF2,2023-07-14T01:23:00,60
VF3,2023-07-14T01:22:00,60
VF4,2023-07-14T01:22:00,60
VH3,2023-07-14T01:22:00,91
AF2,2023-07-14T01:30:00,60
AF3,2023-07-14T01:30:00,60
EF-T,2023-07-14T01:30:00,60
GH-T,2023-07-14T01:30:00,60
NS-S,2023-07-14T01:30:00,60
S-NS,2023-07-14T01:30:00,80
VF0,2023-07-14T01:30:00,60
VF1,2023-07-14T01:30:00,60
VF2,2023-07-14T01:30:00,60
VF3,2023-07-14T01:30:00,60
VF4,2023-07-14T01:30:00,60
VH3,2023-07-14T01:30:00,120
AF2,2023-07-14T01:45:00,60
AF3,2023-07-14T01:45:00,60
EF-T,2023-07-14T01:45:00,60
GH-T,2023-07-14T01:45:00,60
NS-S,2023-07-14T01:45:00,60
S-NS,2023-07-14T01:45:00,69
VF0,2023-07-14T01:45:00,60
VF1,2023-07-14T01:45:00,60
VF2,2023-07-14T01:45:00,60
VF3,2023-07-14T01:45:00,60
VF4,2023-07-14T01:45:00,60
VH3,2023-07-14T01:45:00,91
AF2,2023-07-14T02:36:00,62
AF3,2023-07-14T02:36:00,60
EF-T,2023-07-14T02:36:00,60
GH-T,2023-07-14T02:36:00,60
NS-S,2023-07-14T02:36:00,60
S-NS,2023-07-14T02:36:00,103
VF0,2023-07-14T02:36:00,60
VF1,2023-07-14T02:36:00,150
VF2,2023-07-14T02:36:00,60
VF3,2023-07-14T02:36:00,434
VF4,2023-07-14T02:36:00,60
VH3,2023-07-14T02:36:00,120
AF2,2023-07-14T04:19:00,242
AF3,2023-07-14T04:19:00,60
EF-T,2023-07-14T04:19:00,60
GH-T,2023-07-14T04:19:00,60
NS-S,2023-07-14T04:19:00,60
S-NS,2023-07-14T04:19:00,60
VF0,2023-07-14T04:19:00,84
VF1,2023-07-14T04:19:00,365
VF2,2023-07-14T04:19:00,60
VF3,2023-07-14T04:19:00,324
VF4,2023-07-14T04:19:00,60
VH3,2023-07-14T04:19:00,120
AF2,2023-07-14T05:07:00,60
AF3,2023-07-14T05:07:00,60
EF-T,2023-07-14T05:07:00,60
GH-T,2023-07-14T05:07:00,60
NS-S,2023-07-14T05:07:00,60
S-NS,2023-07-14T05:07:00,60
VF0,2023-07-14T05:07:00,151
VF1,2023-07-14T05:07:00,499
VF2,2023-07-14T05:07:00,1016
VF3,2023-07-14T05:07:00,409
VF4,2023-07-14T05:07:00,401
VH3,2023-07-14T05:07:00,60
AF2,2023-07-14T05:32:00,60
AF3,2023-07-14T05:32:00,60
EF-T,2023-07-14T05:32:00,60
GH-T,2023-07-14T05:32:00,60
NS-S,2023-07-14T05:32:00,60
S-NS,2023-07-14T05:32:00,86
VF0,2023-07-14T05:32:00,98
VF1,2023-07-14T05:32:00,420
VF2,2023-07-14T05:32:00,96
VF3,2023-07-14T05:32:00,313
VF4,2023-07-14T05:32:00,396
VH3,2023-07-14T05:32:00,60
AF2,2023-07-14T05:45:00,60
AF3,2023-07-14T05:45:00,60
EF-T,2023-07-14T05:46:00,60
GH-T,2023-07-14T05:45:00,60
NS-S,2023-07-14T05:46:00,442
S-NS,2023-07-14T05:46:00,120
VF0,2023-07-14T05:45:00,132
VF1,2023-07-14T05:45:00,325
VF2,2023-07-14T05:46:00,60
VF3,2023-07-14T05:45:00,324
VF4,2023-07-14T05:45:00,223
VH3,2023-07-14T05:45:00,60
AF2,2023-07-14T06:06:00,733
AF3,2023-07-14T06:07:00,60
EF-T,2023-07-14T06:06:00,60
GH-T,2023-07-14T06:06:00,60
NS-S,2023-07-14T06:07:00,3087
S-NS,2023-07-14T06:07:00,206
VF0,2023-07-14T06:06:00,60
VF1,2023-07-14T06:06:00,241
VF2,2023-07-14T06:07:00,280
VF3,2023-07-14T06:06:00,393
VF4,2023-07-14T06:06:00,153
VH3,2023-07-14T06:06:00,60
AF2,2023-07-14T06:28:00,414
AF3,2023-07-14T06:28:00,1285
EF-T,2023-07-14T06:28:00,70
GH-T,2023-07-14T06:28:00,60
NS-S,2023-07-14T06:28:00,167
S-NS,2023-07-14T06:28:00,314
VF0,2023-07-14T06:28:00,60
VF1,2023-07-14T06:28:00,271
VF2,2023-07-14T06:28:00,381
VF3,2023-07-14T06:28:00,386
VF4,2023-07-14T06:28:00,244
VH3,2023-07-14T06:28:00,60
AF2,2023-07-14T06:37:00,356
AF3,2023-07-14T06:37:00,1306
EF-T,2023-07-14T06:37:00,201
GH-T,2023-07-14T06:37:00,60
NS-S,2023-07-14T06:37:00,382
S-NS,2023-07-14T06:37:00,326
VF0,2023-07-14T06:37:00,60
VF1,2023-07-14T06:37:00,265
VF2,2023-07-14T06:37:00,252
VF3,2023-07-14T06:37:00,375
VF4,2023-07-14T06:37:00,146
VH3,2023-07-14T06:37:00,60
AF2,2023-07-14T06:45:00,327
AF3,2023-07-14T06:45:00,1401
EF-T,2023-07-14T06:45:00,711
GH-T,2023-07-14T06:45:00,60
NS-S,2023-07-14T06:45:00,510
S-NS,2023-07-14T06:45:00,349
VF0,2023-07-14T06:45:00,60
VF1,2023-07-14T06:45:00,235
VF2,2023-07-14T06:45:00,251
VF3,2023-07-14T06:45:00,306
VF4,2023-07-14T06:45:00,128
VH3,2023-07-14T06:45:00,60
AF2,2023-07-14T07:02:00,236
AF3,2023-07-14T07:02:00,810
EF-T,2023-07-14T07:03:00,679
GH-T,2023-07-14T07:02:00,60
NS-S,2023-07-14T07:02:00,457
S-NS,2023-07-14T07:03:00,137
VF0,2023-07-14T07:02:00,60
VF1,2023-07-14T07:02:00,286
VF2,2023-07-14T07:03:00,369
VF3,2023-07-14T07:02:00,317
VF4,2023-07-14T07:02:00,60
VH3,2023-07-14T07:02:00,60
AF2,2023-07-14T07:26:00,60
AF3,2023-07-14T07:26:00,495
EF-T,2023-07-14T07:26:00,60
GH-T,2023-07-14T07:26:00,60
NS-S,2023-07-14T07:26:00,1029
S-NS,2023-07-14T07:26:00,489
VF0,2023-07-14T07:26:00,60
VF1,2023-07-14T07:26:00,359
VF2,2023-07-14T07:26:00,312
VF3,2023-07-14T07:26:00,338
VF4,2023-07-14T07:26:00,60
VH3,2023-07-14T07:26:00,60
AF2,2023-07-14T07:33:00,60
AF3,2023-07-14T07:33:00,406
EF-T,2023-07-14T07:33:00,60
GH-T,2023-07-14T07:33:00,75
NS-S,2023-07-14T07:33:00,1173
S-NS,2023-07-14T07:33:00,490
VF0,2023-07-14T07:33:00,60
VF1,2023-07-14T07:33:00,361
VF2,2023-07-14T07:33:00,327
VF3,2023-07-14T07:33:00,301
VF4,2023-07-14T07:33:00,60
VH3,2023-07-14T07:33:00,60
AF2,2023-07-14T07:45:00,73
AF3,2023-07-14T07:45:00,729
EF-T,2023-07-14T07:45:00,244
GH-T,2023-07-14T07:45:00,60
NS-S,2023-07-14T07:45:00,579
S-NS,2023-07-14T07:45:00,247
VF0,2023-07-14T07:45:00,60
VF1,2023-07-14T07:45:00,419
VF2,2023-07-14T07:45:00,502
VF3,2023-07-14T07:45:00,284
VF4,2023-07-14T07:45:00,60
VH3,2023-07-14T07:45:00,60
AF2,2023-07-14T08:08:00,61
AF3,2023-07-14T08:08:00,2745
EF-T,2023-07-14T08:08:00,346
GH-T,2023-07-14T08:08:00,60
NS-S,2023-07-14T08:08:00,419
S-NS,2023-07-14T08:08:00,183
VF0,2023-07-14T08:08:00,60
VF1,2023-07-14T08:08:00,488
VF2,2023-07-14T08:08:00,306
VF3,2023-07-14T08:08:00,367
VF4,2023-07-14T08:08:00,78
VH3,2023-07-14T08:08:00,60
AF2,2023-07-14T08:30:00,1064
AF3,2023-07-14T08:30:00,1277
EF-T,2023-07-14T08:30:00,743
GH-T,2023-07-14T08:30:00,60
NS-S,2023-07-14T08:30:00,706
S-NS,2023-07-14T08:30:00,60
VF0,2023-07-14T08:30:00,189
VF1,2023-07-14T08:30:00,614
VF2,2023-07-14T08:30:00,189
VF3,2023-07-14T08:30:00,404
VF4,2023-07-14T08:30:00,61
VH3,2023-07-14T08:30:00,91
AF2,2023-07-14T08:40:00,411
AF3,2023-07-14T08:40:00,1388
EF-T,2023-07-14T08:40:00,540
GH-T,2023-07-14T08:40:00,60
NS-S,2023-07-14T08:40:00,511
S-NS,2023-07-14T08:40:00,155
VF0,2023-07-14T08:40:00,251
VF1,2023-07-14T08:40:00,744
VF2,2023-07-14T08:40:00,397
VF3,2023-07-14T08:40:00,408
VF4,2023-07-14T08:40:00,60
VH3,2023-07-14T08:40:00,60
AF2,2023-07-14T08:46:00,401
AF3,2023-07-14T08:46:00,1936
EF-T,2023-07-14T08:46:00,385
GH-T,2023-07-14T08:46:00,101
NS-S,2023-07-14T08:46:00,366
S-NS,2023-07-14T08:46:00,384
VF0,2023-07-14T08:46:00,169
VF1,2023-07-14T08:46:00,675
VF2,2023-07-14T08:46:00,395
VF3,2023-07-14T08:46:00,375
VF4,2023-07-14T08:46:00,60
VH3,2023-07-14T08:46:00,60
AF2,2023-07-14T09:03:00,129
AF3,2023-07-14T09:03:00,1973
EF-T,2023-07-14T09:03:00,792
GH-T,2023-07-14T09:03:00,60
NS-S,2023-07-14T09:03:00,629
S-NS,2023-07-14T09:03:00,1120
VF0,2023-07-14T09:03:00,83
VF1,2023-07-14T09:03:00,385
VF2,2023-07-14T09:03:00,723
VF3,2023-07-14T09:02:00,610
VF4,2023-07-14T09:02:00,155
VH3,2023-07-14T09:03:00,60
AF2,2023-07-14T09:21:00,425
AF3,2023-07-14T09:21:00,1821
EF-T,2023-07-14T09:21:00,676
GH-T,2023-07-14T09:21:00,60
NS-S,2023-07-14T09:21:00,776
S-NS,2023-07-14T09:21:00,1198
VF0,2023-07-14T09:21:00,60
VF1,2023-07-14T09:21:00,557
VF2,2023-07-14T09:21:00,719
VF3,2023-07-14T09:21:00,466
VF4,2023-07-14T09:21:00,517
VH3,2023-07-14T09:21:00,120
AF2,2023-07-14T09:30:00,405
AF3,2023-07-14T09:30:00,1024
EF-T,2023-07-14T09:30:00,593
GH-T,2023-07-14T09:30:00,60
NS-S,2023-07-14T09:30:00,568
S-NS,2023-07-14T09:30:00,1010
VF0,2023-07-14T09:30:00,60
VF1,2023-07-14T09:30:00,499
VF2,2023-07-14T09:30:00,343
VF3,2023-07-14T09:30:00,503
VF4,2023-07-14T09:30:00,456
VH3,2023-07-14T09:30:00,120
AF2,2023-07-14T09:45:00,525
AF3,2023-07-14T09:45:00,60
EF-T,2023-07-14T09:45:00,479
GH-T,2023-07-14T09:45:00,60
NS-S,2023-07-14T09:45:00,453
S-NS,2023-07-14T09:45:00,275
VF0,2023-07-14T09:45:00,60
VF1,2023-07-14T09:45:00,317
VF2,2023-07-14T09:45:00,508
VF3,2023-07-14T09:45:00,588
VF4,2023-07-14T09:45:00,424
VH3,2023-07-14T09:45:00,60
AF2,2023-07-14T10:07:00,140
AF3,2023-07-14T10:07:00,178
EF-T,2023-07-14T10:07:00,699
GH-T,2023-07-14T10:07:00,60
NS-S,2023-07-14T10:07:00,287
S-NS,2023-07-14T10:07:00,60
VF0,2023-07-14T10:07:00,169
VF1,2023-07-14T10:07:00,531
VF2,2023-07-14T10:07:00,800
VF3,2023-07-14T10:07:00,710
VF4,2023-07-14T10:07:00,394
VH3,2023-07-14T10:07:00,60
AF2,2023-07-14T10:28:00,110
AF3,2023-07-14T10:28:00,568
EF-T,2023-07-14T10:28:00,883
GH-T,2023-07-14T10:28:00,60
NS-S,2023-07-14T10:28:00,60
S-NS,2023-07-14T10:28:00,125
VF0,2023-07-14T10:28:00,60
VF1,2023-07-14T10:27:00,397
VF2,2023-07-14T10:28:00,315
VF3,2023-07-14T10:28:00,847
VF4,2023-07-14T10:27:00,145
VH3,2023-07-14T10:28:00,60
AF2,2023-07-14T10:37:00,453
AF3,2023-07-14T10:37:00,81
EF-T,2023-07-14T10:37:00,1473
GH-T,2023-07-14T10:36:00,60
NS-S,2023-07-14T10:37:00,60
S-NS,2023-07-14T10:37:00,375
VF0,2023-07-14T10:37:00,60
VF1,2023-07-14T10:37:00,621
VF2,2023-07-14T10:37:00,389
VF3,2023-07-14T10:37:00,688
VF4,2023-07-14T10:36:00,84
VH3,2023-07-14T10:37:00,60
AF2,2023-07-14T10:45:00,1063
AF3,2023-07-14T10:45:00,181
EF-T,2023-07-14T10:45:00,2163
GH-T,2023-07-14T10:45:00,60
NS-S,2023-07-14T10:45:00,60
S-NS,2023-07-14T10:45:00,389
VF0,2023-07-14T10:45:00,77
VF1,2023-07-14T10:45:00,449
VF2,2023-07-14T10:45:00,437
VF3,2023-07-14T10:45:00,555
VF4,2023-07-14T10:45:00,60
VH3,2023-07-14T10:45:00,60
AF2,2023-07-14T11:03:00,355
AF3,2023-07-14T11:03:00,996
EF-T,2023-07-14T11:03:00,3012
GH-T,2023-07-14T11:03:00,60
NS-S,2023-07-14T11:03:00,771
S-NS,2023-07-14T11:03:00,1136
VF0,2023-07-14T11:03:00,60
VF1,2023-07-14T11:03:00,263
VF2,2023-07-14T11:03:00,234
VF3,2023-07-14T11:03:00,436
VF4,2023-07-14T11:03:00,60
VH3,2023-07-14T11:03:00,60
AF2,2023-07-14T11:22:00,429
AF3,2023-07-14T11:22:00,571
EF-T,2023-07-14T11:22:00,3879
GH-T,2023-07-14T11:22:00,60
NS-S,2023-07-14T11:22:00,689
S-NS,2023-07-14T11:22:00,1132
VF0,2023-07-14T11:22:00,60
VF1,2023-07-14T11:22:00,559
VF2,2023-07-14T11:22:00,765
VF3,2023-07-14T11:22:00,322
VF4,2023-07-14T11:22:00,60
VH3,2023-07-14T11:22:00,60
AF2,2023-07-14T11:30:00,308
AF3,2023-07-14T11:30:00,645
EF-T,2023-07-14T11:30:00,2332
GH-T,2023-07-14T11:30:00,60
NS-S,2023-07-14T11:30:00,604
S-NS,2023-07-14T11:30:00,994
VF0,2023-07-14T11:30:00,60
VF1,2023-07-14T11:30:00,495
VF2,2023-07-14T11:30:00,1105
VF3,2023-07-14T11:30:00,413
VF4,2023-07-14T11:30:00,74
VH3,2023-07-14T11:30:00,60
AF2,2023-07-14T11:45:00,60
AF3,2023-07-14T11:45:00,630
EF-T,2023-07-14T11:45:00,729
GH-T,2023-07-14T11:45:00,60
NS-S,2023-07-14T11:45:00,753
S-NS,2023-07-14T11:45:00,210
VF0,2023-07-14T11:45:00,64
VF1,2023-07-14T11:45:00,530
VF2,2023-07-14T11:45:00,1189
VF3,2023-07-14T11:45:00,356
VF4,2023-07-14T11:45:00,78
VH3,2023-07-14T11:45:00,60
AF2,2023-07-14T12:04:00,175
AF3,2023-07-14T12:04:00,60
EF-T,2023-07-14T12:04:00,412
GH-T,2023-07-14T12:04:00,60
NS-S,2023-07-14T12:04:00,708
S-NS,2023-07-14T12:05:00,60
VF0,2023-07-14T12:04:00,140
VF1,2023-07-14T12:04:00,461
VF2,2023-07-14T12:04:00,342
VF3,2023-07-14T12:04:00,290
VF4,2023-07-14T12:04:00,60
VH3,2023-07-14T12:04:00,60
AF2,2023-07-14T12:28:00,353
AF3,2023-07-14T12:29:00,350
EF-T,2023-07-14T12:28:00,597
GH-T,2023-07-14T12:28:00,71
NS-S,2023-07-14T12:28:00,381
S-NS,2023-07-14T12:28:00,498
VF0,2023-07-14T12:28:00,125
VF1,2023-07-14T12:28:00,513
VF2,2023-07-14T12:28:00,65
VF3,2023-07-14T12:28:00,338
VF4,2023-07-14T12:28:00,60
VH3,2023-07-14T12:28:00,60
AF2,2023-07-14T12:37:00,247
AF3,2023-07-14T12:37:00,60
EF-T,2023-07-14T12:37:00,511
GH-T,2023-07-14T12:37:00,96
NS-S,2023-07-14T12:37:00,780
S-NS,2023-07-14T12:37:00,486
VF0,2023-07-14T12:37:00,89
VF1,2023-07-14T12:37:00,487
VF2,2023-07-14T12:37:00,213
VF3,2023-07-14T12:37:00,372
VF4,2023-07-14T12:37:00,60
VH3,2023-07-14T12:37:00,60
AF2,2023-07-14T12:45:00,1248
AF3,2023-07-14T12:45:00,60
EF-T,2023-07-14T12:45:00,394
GH-T,2023-07-14T12:45:00,79
NS-S,2023-07-14T12:45:00,956
S-NS,2023-07-14T12:45:00,534
VF0,2023-07-14T12:45:00,60
VF1,2023-07-14T12:45:00,448
VF2,2023-07-14T12:45:00,122
VF3,2023-07-14T12:45:00,336
VF4,2023-07-14T12:45:00,249
VH3,2023-07-14T12:45:00,60
AF2,2023-07-14T13:01:00,617
AF3,2023-07-14T13:01:00,870
EF-T,2023-07-14T13:01:00,410
GH-T,2023-07-14T13:01:00,60
NS-S,2023-07-14T13:01:00,626
S-NS,2023-07-14T13:01:00,168
VF0,2023-07-14T13:01:00,60
VF1,2023-07-14T13:01:00,0
VF2,2023-07-14T13:01:00,139
VF3,2023-07-14T13:01:00,0
VF4,2023-07-14T13:01:00,0
VH3,2023-07-14T13:01:00,60
AF2,2023-07-14T13:19:00,525
AF3,2023-07-14T13:19:00,571
EF-T,2023-07-14T13:19:00,60
GH-T,2023-07-14T13:19:00,60
NS-S,2023-07-14T13:19:00,307
S-NS,2023-07-14T13:19:00,182
VF0,2023-07-14T13:19:00,60
VF1,2023-07-14T13:19:00,599
VF2,2023-07-14T13:19:00,142
VF3,2023-07-14T13:19:00,328
VF4,2023-07-14T13:19:00,64
VH3,2023-07-14T13:19:00,60
AF2,2023-07-14T13:29:00,326
AF3,2023-07-14T13:29:00,328
EF-T,2023-07-14T13:29:00,60
GH-T,2023-07-14T13:29:00,60
NS-S,2023-07-14T13:29:00,467
S-NS,2023-07-14T13:29:00,60
VF0,2023-07-14T13:29:00,107
VF1,2023-07-14T13:29:00,495
VF2,2023-07-14T13:29:00,154
VF3,2023-07-14T13:29:00,331
VF4,2023-07-14T13:29:00,181
VH3,2023-07-14T13:29:00,91
AF2,2023-07-14T13:45:00,153
AF3,2023-07-14T13:45:00,60
EF-T,2023-07-14T13:45:00,60
GH-T,2023-07-14T13:45:00,138
NS-S,2023-07-14T13:45:00,435
S-NS,2023-07-14T13:45:00,412
VF0,2023-07-14T13:45:00,60
VF1,2023-07-14T13:45:00,532
VF2,2023-07-14T13:45:00,152
VF3,2023-07-14T13:45:00,384
VF4,2023-07-14T13:45:00,109
VH3,2023-07-14T13:45:00,91
AF2,2023-07-14T14:10:00,60
AF3,2023-07-14T14:10:00,355
EF-T,2023-07-14T14:10:00,140
GH-T,2023-07-14T14:10:00,75
NS-S,2023-07-14T14:10:00,60
S-NS,2023-07-14T14:10:00,854
VF0,2023-07-14T14:10:00,60
VF1,2023-07-14T14:09:00,482
VF2,2023-07-14T14:10:00,342
VF3,2023-07-14T14:10:00,371
VF4,2023-07-14T14:10:00,198
VH3,2023-07-14T14:10:00,60
AF2,2023-07-14T14:46:00,877
AF3,2023-07-14T14:46:00,1515
EF-T,2023-07-14T14:46:00,60
GH-T,2023-07-14T14:45:00,144
NS-S,2023-07-14T14:46:00,652
S-NS,2023-07-14T14:46:00,292
VF0,2023-07-14T14:45:00,60
VF1,2023-07-14T14:45:00,499
VF2,2023-07-14T14:46:00,226
VF3,2023-07-14T14:45:00,318
VF4,2023-07-14T14:45:00,124
VH3,2023-07-14T14:45:00,60
AF2,2023-07-14T15:14:00,214
AF3,2023-07-14T15:14:00,1125
EF-T,2023-07-14T15:14:00,60
GH-T,2023-07-14T15:14:00,179
NS-S,2023-07-14T15:14:00,432
S-NS,2023-07-14T15:14:00,677
VF0,2023-07-14T15:14:00,60
VF1,2023-07-14T15:14:00,255
VF2,2023-07-14T15:14:00,215
VF3,2023-07-14T15:14:00,351
VF4,2023-07-14T15:13:00,198
VH3,2023-07-14T15:14:00,60
AF2,2023-07-14T15:29:00,278
AF3,2023-07-14T15:29:00,1076
EF-T,2023-07-14T15:29:00,316
GH-T,2023-07-14T15:29:00,375
NS-S,2023-07-14T15:29:00,78
S-NS,2023-07-14T15:29:00,326
VF0,2023-07-14T15:29:00,60
VF1,2023-07-14T15:29:00,350
VF2,2023-07-14T15:30:00,462
VF3,2023-07-14T15:29:00,185
VF4,2023-07-14T15:29:00,60
VH3,2023-07-14T15:29:00,60
AF2,2023-07-14T15:36:00,132
AF3,2023-07-14T15:36:00,969
EF-T,2023-07-14T15:37:00,60
GH-T,2023-07-14T15:36:00,60
NS-S,2023-07-14T15:36:00,207
S-NS,2023-07-14T15:37:00,212
VF0,2023-07-14T15:36:00,60
VF1,2023-07-14T15:36:00,306
VF2,2023-07-14T15:36:00,379
VF3,2023-07-14T15:36:00,255
VF4,2023-07-14T15:36:00,60
VH3,2023-07-14T15:36:00,60
AF2,2023-07-14T15:45:00,134
AF3,2023-07-14T15:45:00,801
EF-T,2023-07-14T15:45:00,60
GH-T,2023-07-14T15:45:00,75
NS-S,2023-07-14T15:45:00,623
S-NS,2023-07-14T15:45:00,191
VF0,2023-07-14T15:45:00,60
VF1,2023-07-14T15:45:00,337
VF2,2023-07-14T15:45:00,358
VF3,2023-07-14T15:45:00,368
VF4,2023-07-14T15:45:00,64
VH3,2023-07-14T15:45:00,91
AF2,2023-07-14T16:02:00,69
AF3,2023-07-14T16:02:00,488
EF-T,2023-07-14T16:02:00,60
GH-T,2023-07-14T16:02:00,60
NS-S,2023-07-14T16:02:00,458
S-NS,2023-07-14T16:02:00,232
VF0,2023-07-14T16:02:00,60
VF1,2023-07-14T16:02:00,433
VF2,2023-07-14T16:02:00,312
VF3,2023-07-14T16:02:00,340
VF4,2023-07-14T16:01:00,0
VH3,2023-07-14T16:02:00,60
AF2,2023-07-14T16:12:00,60
AF3,2023-07-14T16:12:00,131
EF-T,2023-07-14T16:12:00,60
GH-T,2023-07-14T16:12:00,60
NS-S,2023-07-14T16:12:00,144
S-NS,2023-07-14T16:12:00,223
VF0,2023-07-14T16:12:00,60
VF1,2023-07-14T16:12:00,481
VF2,2023-07-14T16:21:00,0
VF3,2023-07-14T16:12:00,334
VF4,2023-07-14T16:12:00,100
VH3,2023-07-14T16:19:00,60
AF2,2023-07-14T16:32:00,1005
AF3,2023-07-14T16:32:00,60
EF-T,2023-07-14T16:32:00,60
GH-T,2023-07-14T16:32:00,60
NS-S,2023-07-14T16:32:00,410
S-NS,2023-07-14T16:32:00,598
VF0,2023-07-14T16:32:00,115
VF1,2023-07-14T16:32:00,60
VF2,2023-07-14T16:32:00,273
VF3,2023-07-14T16:32:00,60
VF4,2023-07-14T16:32:00,60
VH3,2023-07-14T16:32:00,60
AF2,2023-07-14T16:45:00,60
AF3,2023-07-14T16:45:00,60
EF-T,2023-07-14T16:45:00,200
GH-T,2023-07-14T16:45:00,60
NS-S,2023-07-14T16:45:00,610
S-NS,2023-07-14T16:45:00,461
VF0,2023-07-14T16:45:00,60
VF1,2023-07-14T16:45:00,377
VF2,2023-07-14T16:45:00,161
VF3,2023-07-14T16:45:00,337
VF4,2023-07-14T16:45:00,60
VH3,2023-07-14T16:45:00,60
AF2,2023-07-14T17:03:00,60
AF3,2023-07-14T17:03:00,60
EF-T,2023-07-14T17:03:00,60
GH-T,2023-07-14T17:02:00,60
NS-S,2023-07-14T17:03:00,247
S-NS,2023-07-14T17:03:00,60
VF0,2023-07-14T17:03:00,60
VF1,2023-07-14T17:03:00,559
VF2,2023-07-14T17:03:00,440
VF3,2023-07-14T17:03:00,149
VF4,2023-07-14T17:03:00,160
VH3,2023-07-14T17:03:00,60
AF2,2023-07-14T17:24:00,60
AF3,2023-07-14T17:24:00,60
EF-T,2023-07-14T17:24:00,60
GH-T,2023-07-14T17:23:00,60
NS-S,2023-07-14T17:24:00,73
S-NS,2023-07-14T17:24:00,60
VF0,2023-07-14T17:23:00,60
VF1,2023-07-14T17:23:00,465
VF2,2023-07-14T17:24:00,183
VF3,2023-07-14T17:23:00,373
VF4,2023-07-14T17:23:00,184
VH3,2023-07-14T17:23:00,60
AF2,2023-07-14T17:30:00,60
AF3,2023-07-14T17:30:00,60
EF-T,2023-07-14T17:30:00,60
GH-T,2023-07-14T17:30:00,60
NS-S,2023-07-14T17:30:00,191
S-NS,2023-07-14T17:30:00,60
VF0,2023-07-14T17:30:00,60
VF1,2023-07-14T17:30:00,462
VF2,2023-07-14T17:30:00,212
VF3,2023-07-14T17:30:00,338
VF4,2023-07-14T17:30:00,384
VH3,2023-07-14T17:30:00,60
AF2,2023-07-14T17:44:00,60
AF3,2023-07-14T17:44:00,60
EF-T,2023-07-14T17:44:00,60
GH-T,2023-07-14T17:44:00,60
NS-S,2023-07-14T17:44:00,60
S-NS,2023-07-14T17:45:00,60
VF0,2023-07-14T17:44:00,101
VF1,2023-07-14T17:44:00,437
VF2,2023-07-14T17:44:00,150
VF3,2023-07-14T17:44:00,367
VF4,2023-07-14T17:44:00,89
VH3,2023-07-14T17:44:00,60
AF2,2023-07-14T18:06:00,213
AF3,2023-07-14T18:06:00,128
EF-T,2023-07-14T18:06:00,336
GH-T,2023-07-14T18:06:00,60
NS-S,2023-07-14T18:06:00,603
S-NS,2023-07-14T18:06:00,118
VF0,2023-07-14T18:06:00,69
VF1,2023-07-14T18:06:00,411
VF2,2023-07-14T18:06:00,226
VF3,2023-07-14T18:06:00,320
VF4,2023-07-14T18:06:00,60
VH3,2023-07-14T18:06:00,60
AF2,2023-07-14T18:30:00,60
AF3,2023-07-14T18:30:00,434
EF-T,2023-07-14T18:30:00,60
GH-T,2023-07-14T18:28:00,60
NS-S,2023-07-14T18:30:00,401
S-NS,2023-07-14T18:30:00,150
VF0,2023-07-14T18:29:00,122
VF1,2023-07-14T18:29:00,409
VF2,2023-07-14T18:30:00,271
VF3,2023-07-14T18:29:00,318
VF4,2023-07-14T18:29:00,282
VH3,2023-07-14T18:29:00,60
AF2,2023-07-14T18:45:00,890
AF3,2023-07-14T18:45:00,145
EF-T,2023-07-14T18:46:00,60
GH-T,2023-07-14T18:45:00,60
NS-S,2023-07-14T18:46:00,512
S-NS,2023-07-14T18:46:00,86
VF0,2023-07-14T18:45:00,60
VF1,2023-07-14T18:45:00,398
VF2,2023-07-14T18:45:00,380
VF3,2023-07-14T18:45:00,351
VF4,2023-07-14T18:45:00,401
VH3,2023-07-14T18:45:00,60
AF2,2023-07-14T19:02:00,60
AF3,2023-07-14T19:02:00,642
EF-T,2023-07-14T19:02:00,175
GH-T,2023-07-14T19:01:00,60
NS-S,2023-07-14T19:02:00,89
S-NS,2023-07-14T19:02:00,92
VF0,2023-07-14T19:02:00,60
VF1,2023-07-14T19:02:00,366
VF2,2023-07-14T19:02:00,204
VF3,2023-07-14T19:02:00,353
VF4,2023-07-14T19:02:00,489
VH3,2023-07-14T19:02:00,60
AF2,2023-07-14T19:23:00,107
AF3,2023-07-14T19:24:00,1007
EF-T,2023-07-14T19:24:00,247
GH-T,2023-07-14T19:23:00,60
NS-S,2023-07-14T19:24:00,106
S-NS,2023-07-14T19:24:00,62
VF0,2023-07-14T19:23:00,60
VF1,2023-07-14T19:23:00,323
VF2,2023-07-14T19:23:00,60
VF3,2023-07-14T19:23:00,327
VF4,2023-07-14T19:23:00,185
VH3,2023-07-14T19:23:00,60
AF2,2023-07-14T19:30:00,219
AF3,2023-07-14T19:30:00,863
EF-T,2023-07-14T19:30:00,138
GH-T,2023-07-14T19:29:00,60
NS-S,2023-07-14T19:30:00,349
S-NS,2023-07-14T19:30:00,154
VF0,2023-07-14T19:30:00,60
VF1,2023-07-14T19:30:00,421
VF2,2023-07-14T19:30:00,67
VF3,2023-07-14T19:30:00,357
VF4,2023-07-14T19:30:00,333
VH3,2023-07-14T19:30:00,91
AF2,2023-07-14T19:45:00,400
AF3,2023-07-14T19:45:00,186
EF-T,2023-07-14T19:45:00,60
GH-T,2023-07-14T19:44:00,60
NS-S,2023-07-14T19:45:00,294
S-NS,2023-07-14T19:45:00,60
VF0,2023-07-14T19:45:00,60
VF1,2023-07-14T19:45:00,275
VF2,2023-07-14T19:45:00,60
VF3,2023-07-14T19:45:00,295
VF4,2023-07-14T19:45:00,482
VH3,2023-07-14T19:45:00,120
AF2,2023-07-14T20:02:00,60
AF3,2023-07-14T20:02:00,616
EF-T,2023-07-14T20:02:00,690
GH-T,2023-07-14T20:02:00,60
NS-S,2023-07-14T20:02:00,273
S-NS,2023-07-14T20:02:00,203
VF0,2023-07-14T20:01:00,60
VF1,2023-07-14T20:02:00,219
VF2,2023-07-14T20:02:00,60
VF3,2023-07-14T20:02:00,333
VF4,2023-07-14T20:02:00,374
VH3,2023-07-14T20:02:00,60
AF2,2023-07-14T20:27:00,627
AF3,2023-07-14T20:28:00,80
EF-T,2023-07-14T20:27:00,60
GH-T,2023-07-14T20:26:00,75
NS-S,2023-07-14T20:28:00,120
S-NS,2023-07-14T20:28:00,60
VF0,2023-07-14T20:27:00,60
VF1,2023-07-14T20:27:00,265
VF2,2023-07-14T20:27:00,225
VF3,2023-07-14T20:27:00,313
VF4,2023-07-14T20:27:00,128
VH3,2023-07-14T20:27:00,60
AF2,2023-07-14T20:36:00,60
AF3,2023-07-14T20:37:00,94
EF-T,2023-07-14T20:36:00,60
GH-T,2023-07-14T20:36:00,60
NS-S,2023-07-14T20:36:00,60
S-NS,2023-07-14T20:37:00,114
VF0,2023-07-14T20:36:00,60
VF1,2023-07-14T20:36:00,197
VF2,2023-07-14T20:37:00,117
VF3,2023-07-14T20:36:00,135
VF4,2023-07-14T20:36:00,84
VH3,2023-07-14T20:36:00,60
AF2,2023-07-14T20:45:00,60
AF3,2023-07-14T20:45:00,60
EF-T,2023-07-14T20:45:00,60
GH-T,2023-07-14T20:45:00,60
NS-S,2023-07-14T20:45:00,88
S-NS,2023-07-14T20:45:00,138
VF0,2023-07-14T20:45:00,60
VF1,2023-07-14T20:45:00,221
VF2,2023-07-14T20:45:00,134
VF3,2023-07-14T20:45:00,105
VF4,2023-07-14T20:45:00,121
VH3,2023-07-14T20:45:00,60
AF2,2023-07-14T21:01:00,73
AF3,2023-07-14T21:00:00,98
EF-T,2023-07-14T21:00:00,60
GH-T,2023-07-14T20:59:00,60
NS-S,2023-07-14T21:01:00,60
S-NS,2023-07-14T21:01:00,60
VF0,2023-07-14T21:01:00,60
VF1,2023-07-14T21:01:00,175
VF2,2023-07-14T21:01:00,168
VF3,2023-07-14T21:00:00,189
VF4,2023-07-14T21:01:00,0
VH3,2023-07-14T21:01:00,60
AF2,2023-07-14T21:18:00,651
AF3,2023-07-14T21:18:00,60
EF-T,2023-07-14T21:18:00,60
GH-T,2023-07-14T21:18:00,60
NS-S,2023-07-14T21:18:00,155
S-NS,2023-07-14T21:18:00,60
VF0,2023-07-14T21:18:00,60
VF1,2023-07-14T21:18:00,156
VF2,2023-07-14T21:18:00,165
VF3,2023-07-14T21:18:00,260
VF4,2023-07-14T21:18:00,60
VH3,2023-07-14T21:18:00,60
AF2,2023-07-14T21:30:00,1328
AF3,2023-07-14T21:30:00,60
EF-T,2023-07-14T21:30:00,60
GH-T,2023-07-14T21:30:00,60
NS-S,2023-07-14T21:30:00,64
S-NS,2023-07-14T21:30:00,60
VF0,2023-07-14T21:30:00,60
VF1,2023-07-14T21:30:00,147
VF2,2023-07-14T21:30:00,60
VF3,2023-07-14T21:30:00,221
VF4,2023-07-14T21:30:00,60
VH3,2023-07-14T21:30:00,60
AF2,2023-07-14T21:45:00,60
AF3,2023-07-14T21:45:00,96
EF-T,2023-07-14T21:45:00,60
GH-T,2023-07-14T21:45:00,60
NS-S,2023-07-14T21:45:00,60
S-NS,2023-07-14T21:45:00,60
VF0,2023-07-14T21:45:00,60
VF1,2023-07-14T21:45:00,176
VF2,2023-07-14T21:45:00,60
VF3,2023-07-14T21:45:00,121
VF4,2023-07-14T21:45:00,60
VH3,2023-07-14T21:45:00,60
AF2,2023-07-14T22:04:00,726
AF3,2023-07-14T22:03:00,60
EF-T,2023-07-14T22:04:00,60
GH-T,2023-07-14T22:03:00,60
NS-S,2023-07-14T22:04:00,60
S-NS,2023-07-14T22:04:00,60
VF0,2023-07-14T22:04:00,60
VF1,2023-07-14T22:03:00,188
VF2,2023-07-14T22:04:00,60
VF3,2023-07-14T22:03:00,69
VF4,2023-07-14T22:04:00,60
VH3,2023-07-14T22:03:00,60
AF2,2023-07-14T22:23:00,274
AF3,2023-07-14T22:23:00,60
EF-T,2023-07-14T22:23:00,60
GH-T,2023-07-14T22:23:00,60
NS-S,2023-07-14T22:23:00,60
S-NS,2023-07-14T22:23:00,60
VF0,2023-07-14T22:23:00,60
VF1,2023-07-14T22:23:00,165
VF2,2023-07-14T22:24:00,60
VF3,2023-07-14T22:23:00,119
VF4,2023-07-14T22:23:00,60
VH3,2023-07-14T22:23:00,60
AF2,2023-07-14T22:30:00,117
AF3,2023-07-14T22:30:00,60
EF-T,2023-07-14T22:30:00,60
GH-T,2023-07-14T22:30:00,60
NS-S,2023-07-14T22:30:00,60
S-NS,2023-07-14T22:30:00,60
VF0,2023-07-14T22:30:00,60
VF1,2023-07-14T22:30:00,198
VF2,2023-07-14T22:30:00,60
VF3,2023-07-14T22:30:00,95
VF4,2023-07-14T22:30:00,60
VH3,2023-07-14T22:30:00,60
AF2,2023-07-14T22:45:00,60
AF3,2023-07-14T22:45:00,60
EF-T,2023-07-14T22:45:00,80
GH-T,2023-07-14T22:45:00,60
NS-S,2023-07-14T22:45:00,60
S-NS,2023-07-14T22:45:00,60
VF0,2023-07-14T22:45:00,60
VF1,2023-07-14T22:45:00,232
VF2,2023-07-14T22:45:00,60
VF3,2023-07-14T22:45:00,60
VF4,2023-07-14T22:45:00,60
VH3,2023-07-14T22:45:00,60
AF2,2023-07-14T23:02:00,60
AF3,2023-07-14T23:02:00,60
EF-T,2023-07-14T23:02:00,60
GH-T,2023-07-14T23:01:00,60
NS-S,2023-07-14T23:02:00,108
S-NS,2023-07-14T23:02:00,60
VF0,2023-07-14T23:00:00,60
VF1,2023-07-14T23:02:00,135
VF2,2023-07-14T23:02:00,60
VF3,2023-07-14T23:02:00,60
VF4,2023-07-14T23:02:00,60
VH3,2023-07-14T23:02:00,60
AF2,2023-07-14T23:19:00,943
AF3,2023-07-14T23:19:00,60
EF-T,2023-07-14T23:20:00,60
GH-T,2023-07-14T23:19:00,60
NS-S,2023-07-14T23:20:00,235
S-NS,2023-07-14T23:20:00,60
VF0,2023-07-14T23:19:00,60
VF1,2023-07-14T23:19:00,186
VF2,2023-07-14T23:19:00,60
VF3,2023-07-14T23:19:00,60
VF4,2023-07-14T23:19:00,60
VH3,2023-07-14T23:19:00,60
AF2,2023-07-14T23:30:00,295
AF3,2023-07-14T23:30:00,60
EF-T,2023-07-14T23:30:00,60
GH-T,2023-07-14T23:30:00,60
NS-S,2023-07-14T23:30:00,81
S-NS,2023-07-14T23:30:00,69
VF0,2023-07-14T23:30:00,60
VF1,2023-07-14T23:30:00,207
VF2,2023-07-14T23:30:00,60
VF3,2023-07-14T23:30:00,60
VF4,2023-07-14T23:29:00,60
VH3,2023-07-14T23:30:00,60
AF2,2023-07-14T23:45:00,334
AF3,2023-07-14T23:45:00,60
EF-T,2023-07-14T23:45:00,60
GH-T,2023-07-14T23:45:00,60
NS-S,2023-07-14T23:45:00,115
S-NS,2023-07-14T23:45:00,69
VF0,2023-07-14T23:45:00,60
VF1,2023-07-14T23:45:00,212
VF2,2023-07-14T23:45:00,60
VF3,2023-07-14T23:45:00,60
VF4,2023-07-14T23:45:00,60
VH3,2023-07-14T23:45:00,60
AF2,2023-07-15T00:24:00,60
AF3,2023-07-15T00:25:00,60
EF-T,2023-07-15T00:26:00,81
GH-T,2023-07-15T00:26:00,60
NS-S,2023-07-15T00:25:00,60
S-NS,2023-07-15T00:26:00,60
VF0,2023-07-15T00:25:00,60
VF1,2023-07-15T00:25:00,93
VF2,2023-07-15T00:26:00,60
VF3,2023-07-15T00:25:00,60
VF4,2023-07-15T00:25:00,60
VH3,2023-07-15T00:24:00,60
AF2,2023-07-15T00:30:00,383
AF3,2023-07-15T00:30:00,60
EF-T,2023-07-15T00:30:00,60
GH-T,2023-07-15T00:32:00,60
NS-S,2023-07-15T00:31:00,60
S-NS,2023-07-15T00:30:00,60
VF0,2023-07-15T00:31:00,60
VF1,2023-07-15T00:32:00,119
VF2,2023-07-15T00:29:00,60
VF3,2023-07-15T00:32:00,68
VF4,2023-07-15T00:30:00,60
VH3,2023-07-15T00:30:00,60
AF2,2023-07-15T00:45:00,330
AF3,2023-07-15T00:45:00,60
EF-T,2023-07-15T00:45:00,60
GH-T,2023-07-15T00:45:00,60
NS-S,2023-07-15T00:45:00,60
S-NS,2023-07-15T00:45:00,60
VF0,2023-07-15T00:45:00,60
VF1,2023-07-15T00:45:00,99
VF2,2023-07-15T00:45:00,60
VF3,2023-07-15T00:45:00,60
VF4,2023-07-15T00:45:00,60
VH3,2023-07-15T00:45:00,60
AF2,2023-07-15T01:02:00,60
AF3,2023-07-15T01:02:00,60
EF-T,2023-07-15T01:02:00,72
GH-T,2023-07-15T01:02:00,60
NS-S,2023-07-15T01:02:00,60
S-NS,2023-07-15T01:01:00,0
VF0,2023-07-15T00:59:00,60
VF1,2023-07-15T00:59:00,60
VF2,2023-07-15T01:02:00,0
VF3,2023-07-15T01:02:00,0
VF4,2023-07-15T01:02:00,0
VH3,2023-07-15T00:59:00,60
AF2,2023-07-15T01:22:00,112
AF3,2023-07-15T01:22:00,60
EF-T,2023-07-15T01:22:00,60
GH-T,2023-07-15T01:22:00,60
NS-S,2023-07-15T01:22:00,60
S-NS,2023-07-15T01:22:00,60
VF0,2023-07-15T01:21:00,60
VF1,2023-07-15T01:22:00,60
VF2,2023-07-15T01:22:00,60
VF3,2023-07-15T01:22:00,60
VF4,2023-07-15T01:22:00,60
VH3,2023-07-15T01:22:00,91
AF2,2023-07-15T01:30:00,368
AF3,2023-07-15T01:30:00,60
EF-T,2023-07-15T01:30:00,60
GH-T,2023-07-15T01:30:00,60
NS-S,2023-07-15T01:30:00,60
S-NS,2023-07-15T01:30:00,60
VF0,2023-07-15T01:30:00,60
VF1,2023-07-15T01:30:00,60
VF2,2023-07-15T01:30:00,60
VF3,2023-07-15T01:30:00,60
VF4,2023-07-15T01:30:00,60
VH3,2023-07-15T01:30:00,91
AF2,2023-07-15T01:45:00,214
AF3,2023-07-15T01:45:00,60
EF-T,2023-07-15T01:45:00,120
GH-T,2023-07-15T01:45:00,60
NS-S,2023-07-15T01:45:00,72
S-NS,2023-07-15T01:45:00,60
VF0,2023-07-15T01:45:00,60
VF1,2023-07-15T01:45:00,60
VF2,2023-07-15T01:45:00,60
VF3,2023-07-15T01:45:00,60
VF4,2023-07-15T01:45:00,60
VH3,2023-07-15T01:45:00,120
AF2,2023-07-15T02:35:00,60
AF3,2023-07-15T02:35:00,60
EF-T,2023-07-15T02:35:00,60
GH-T,2023-07-15T02:35:00,60
NS-S,2023-07-15T02:35:00,60
S-NS,2023-07-15T02:35:00,69
VF0,2023-07-15T02:35:00,60
VF1,2023-07-15T02:35:00,226
VF2,2023-07-15T02:35:00,60
VF3,2023-07-15T02:35:00,476
VF4,2023-07-15T02:35:00,60
VH3,2023-07-15T02:35:00,60
AF2,2023-07-15T04:18:00,60
AF3,2023-07-15T04:18:00,60
EF-T,2023-07-15T04:18:00,60
GH-T,2023-07-15T04:18:00,60
NS-S,2023-07-15T04:18:00,103
S-NS,2023-07-15T04:18:00,60
VF0,2023-07-15T04:18:00,60
VF1,2023-07-15T04:18:00,643
VF2,2023-07-15T04:18:00,60
VF3,2023-07-15T04:18:00,192
VF4,2023-07-15T04:18:00,60
VH3,2023-07-15T04:18:00,60
AF2,2023-07-15T05:11:00,60
AF3,2023-07-15T05:11:00,60
EF-T,2023-07-15T05:11:00,60
GH-T,2023-07-15T05:11:00,60
NS-S,2023-07-15T05:11:00,126
S-NS,2023-07-15T05:11:00,60
VF0,2023-07-15T05:11:00,190
VF1,2023-07-15T05:11:00,511
VF2,2023-07-15T05:11:00,1623
VF3,2023-07-15T05:11:00,375
VF4,2023-07-15T05:11:00,230
VH3,2023-07-15T05:11:00,60
AF2,2023-07-15T05:34:00,60
AF3,2023-07-15T05:34:00,60
EF-T,2023-07-15T05:34:00,60
GH-T,2023-07-15T05:34:00,60
NS-S,2023-07-15T05:34:00,105
S-NS,2023-07-15T05:34:00,60
VF0,2023-07-15T05:33:00,60
VF1,2023-07-15T05:34:00,480
VF2,2023-07-15T05:34:00,610
VF3,2023-07-15T05:34:00,339
VF4,2023-07-15T05:33:00,318
VH3,2023-07-15T05:34:00,60
AF2,2023-07-15T05:46:00,293
AF3,2023-07-15T05:46:00,60
EF-T,2023-07-15T05:46:00,429
GH-T,2023-07-15T05:46:00,60
NS-S,2023-07-15T05:46:00,305
S-NS,2023-07-15T05:46:00,60
VF0,2023-07-15T05:46:00,60
VF1,2023-07-15T05:46:00,311
VF2,2023-07-15T05:46:00,155
VF3,2023-07-15T05:46:00,381
VF4,2023-07-15T05:46:00,241
VH3,2023-07-15T05:46:00,60
AF2,2023-07-15T06:06:00,270
AF3,2023-07-15T06:06:00,66
EF-T,2023-07-15T06:06:00,60
GH-T,2023-07-15T06:06:00,60
NS-S,2023-07-15T06:06:00,865
S-NS,2023-07-15T06:06:00,60
VF0,2023-07-15T06:06:00,60
VF1,2023-07-15T06:06:00,347
VF2,2023-07-15T06:06:00,287
VF3,2023-07-15T06:06:00,368
VF4,2023-07-15T06:06:00,171
VH3,2023-07-15T06:06:00,60
AF2,2023-07-15T06:27:00,665
AF3,2023-07-15T06:27:00,1816
EF-T,2023-07-15T06:27:00,717
GH-T,2023-07-15T06:27:00,60
NS-S,2023-07-15T06:27:00,307
S-NS,2023-07-15T06:27:00,240
VF0,2023-07-15T06:27:00,60
VF1,2023-07-15T06:27:00,337
VF2,2023-07-15T06:27:00,183
VF3,2023-07-15T06:27:00,351
VF4,2023-07-15T06:27:00,89
VH3,2023-07-15T06:27:00,120
AF2,2023-07-15T06:35:00,373
AF3,2023-07-15T06:35:00,1015
EF-T,2023-07-15T06:36:00,384
GH-T,2023-07-15T06:35:00,60
NS-S,2023-07-15T06:36:00,70
S-NS,2023-07-15T06:36:00,320
VF0,2023-07-15T06:35:00,60
VF1,2023-07-15T06:35:00,245
VF2,2023-07-15T06:36:00,237
VF3,2023-07-15T06:35:00,350
VF4,2023-07-15T06:35:00,119
VH3,2023-07-15T06:35:00,60
AF2,2023-07-15T06:45:00,198
AF3,2023-07-15T06:45:00,1245
EF-T,2023-07-15T06:45:00,60
GH-T,2023-07-15T06:45:00,60
NS-S,2023-07-15T06:45:00,62
S-NS,2023-07-15T06:45:00,377
VF0,2023-07-15T06:45:00,60
VF1,2023-07-15T06:45:00,493
VF2,2023-07-15T06:45:00,338
VF3,2023-07-15T06:45:00,245
VF4,2023-07-15T06:45:00,60
VH3,2023-07-15T06:45:00,60
AF2,2023-07-15T07:02:00,170
AF3,2023-07-15T07:02:00,884
EF-T,2023-07-15T07:02:00,484
GH-T,2023-07-15T07:02:00,60
NS-S,2023-07-15T07:02:00,120
S-NS,2023-07-15T07:02:00,411
VF0,2023-07-15T07:02:00,60
VF1,2023-07-15T07:02:00,522
VF2,2023-07-15T07:02:00,239
VF3,2023-07-15T07:02:00,338
VF4,2023-07-15T07:02:00,60
VH3,2023-07-15T07:02:00,60
AF2,2023-07-15T07:26:00,60
AF3,2023-07-15T07:26:00,80
EF-T,2023-07-15T07:26:00,60
GH-T,2023-07-15T07:26:00,73
NS-S,2023-07-15T07:26:00,314
S-NS,2023-07-15T07:26:00,267
VF0,2023-07-15T07:26:00,60
VF1,2023-07-15T07:26:00,512
VF2,2023-07-15T07:26:00,302
VF3,2023-07-15T07:26:00,293
VF4,2023-07-15T07:26:00,60
VH3,2023-07-15T07:26:00,60
AF2,2023-07-15T07:34:00,60
AF3,2023-07-15T07:34:00,70
EF-T,2023-07-15T07:34:00,60
GH-T,2023-07-15T07:34:00,73
NS-S,2023-07-15T07:34:00,296
S-NS,2023-07-15T07:34:00,1020
VF0,2023-07-15T07:34:00,60
VF1,2023-07-15T07:34:00,552
VF2,2023-07-15T07:34:00,285
VF3,2023-07-15T07:34:00,328
VF4,2023-07-15T07:34:00,60
VH3,2023-07-15T07:34:00,60
AF2,2023-07-15T07:45:00,60
AF3,2023-07-15T07:45:00,60
EF-T,2023-07-15T07:45:00,60
GH-T,2023-07-15T07:45:00,197
NS-S,2023-07-15T07:45:00,361
S-NS,2023-07-15T07:45:00,849
VF0,2023-07-15T07:45:00,60
VF1,2023-07-15T07:45:00,534
VF2,2023-07-15T07:45:00,528
VF3,2023-07-15T07:45:00,322
VF4,2023-07-15T07:45:00,60
VH3,2023-07-15T07:45:00,60
AF2,2023-07-15T08:07:00,219
AF3,2023-07-15T08:07:00,959
EF-T,2023-07-15T08:07:00,319
GH-T,2023-07-15T08:07:00,412
NS-S,2023-07-15T08:07:00,232
S-NS,2023-07-15T08:07:00,358
VF0,2023-07-15T08:07:00,60
VF1,2023-07-15T08:07:00,606
VF2,2023-07-15T08:07:00,300
VF3,2023-07-15T08:07:00,430
VF4,2023-07-15T08:06:00,182
VH3,2023-07-15T08:07:00,60
